,hard_ids,rand_ids
0,f4_r656,f5_r1141
1,f3_r21,f3_r345
2,f4_r1309,f3_r179
3,f4_r518,f5_r611
4,f5_r754,f2_r308
5,f4_r562,f2_r13
6,f4_r188,f2_r1113
7,f4_r1408,f4_r653
8,f3_r1160,f5_r369
9,f4_r740,f5_r1349
10,f3_r1323,f4_r1231
11,f4_r697,f3_r1128
12,f4_r1065,f5_r442
13,f2_r1104,f3_r1030
14,f4_r271,f3_r389
15,f2_r915,f3_r1486
16,f5_r1270,f2_r1307
17,f4_r256,f2_r1559
18,f5_r1168,f4_r1409
19,f3_r1325,f5_r1019
20,f4_r1113,f5_r1389
21,f2_r1482,f4_r136
22,f5_r120,f3_r575
23,f5_r704,f5_r71
24,f5_r549,f4_r1138
25,f2_r1444,f2_r758
26,f3_r621,f4_r1392
27,f5_r1120,f3_r207
28,f2_r525,f4_r1698
29,f2_r1200,f5_r727
30,f2_r211,f2_r500
31,f2_r1449,f3_r485
32,f3_r1368,f2_r820
33,f4_r707,f5_r1618
34,f3_r374,f2_r543
35,f5_r783,f3_r1182
36,f4_r118,f3_r213
37,f5_r398,f3_r150
38,f3_r1697,f4_r843
39,f3_r1678,f5_r1094
40,f3_r84,f5_r913
41,f2_r112,f5_r245
42,f3_r1400,f4_r1339
43,f4_r464,f4_r309
44,f5_r1447,f5_r373
45,f3_r89,f4_r1116
46,f3_r113,f5_r845
47,f2_r531,f3_r1652
48,f5_r1069,f2_r59
49,f4_r1396,f2_r1315
50,f3_r1486,f5_r272
51,f2_r1102,f2_r282
52,f3_r178,f2_r138
53,f4_r1328,f3_r866
54,f5_r851,f3_r10
55,f3_r99,f5_r1040
56,f3_r1470,f5_r1244
57,f2_r170,f2_r620
58,f5_r884,f2_r839
59,f3_r864,f5_r74
60,f4_r1111,f5_r982
61,f2_r885,f3_r693
62,f3_r322,f4_r622
63,f5_r1691,f3_r1437
64,f3_r808,f2_r197
65,f3_r931,f4_r907
66,f2_r100,f5_r1029
67,f4_r1602,f3_r872
68,f4_r1120,f4_r774
69,f3_r1003,f3_r831
70,f5_r763,f3_r1395
71,f4_r1315,f4_r1658
72,f3_r1298,f2_r1108
73,f2_r134,f5_r827
74,f3_r847,f5_r1666
75,f3_r654,f5_r1580
76,f2_r246,f5_r63
77,f5_r553,f3_r34
78,f4_r447,f2_r964
79,f5_r757,f5_r1201
80,f2_r1021,f5_r1417
81,f5_r29,f2_r646
82,f5_r105,f2_r1288
83,f2_r111,f2_r1617
84,f4_r415,f3_r1317
85,f3_r353,f3_r864
86,f3_r770,f5_r203
87,f5_r2,f4_r403
88,f3_r1058,f3_r574
89,f3_r144,f2_r1479
90,f3_r927,f2_r426
91,f5_r1019,f2_r191
92,f2_r1429,f4_r47
93,f4_r164,f5_r1144
94,f5_r1353,f3_r188
95,f5_r201,f4_r1631
96,f5_r420,f2_r1246
97,f3_r541,f5_r1237
98,f5_r1244,f4_r1578
99,f2_r227,f2_r480
100,f3_r1440,f4_r670
101,f5_r237,f2_r755
102,f5_r10,f3_r193
103,f4_r1655,f5_r868
104,f4_r1084,f5_r711
105,f4_r311,f4_r1071
106,f5_r837,f5_r1588
107,f2_r1676,f2_r610
108,f2_r420,f4_r1276
109,f2_r147,f3_r858
110,f4_r1136,f2_r92
111,f3_r1353,f5_r699
112,f5_r1593,f2_r60
113,f5_r156,f4_r961
114,f4_r666,f5_r1657
115,f3_r1225,f5_r861
116,f2_r482,f2_r1155
117,f4_r1417,f3_r497
118,f2_r573,f3_r43
119,f5_r669,f3_r357
120,f2_r171,f3_r1260
121,f4_r102,f3_r888
122,f2_r1392,f3_r1195
123,f5_r452,f2_r745
124,f5_r1326,f3_r1691
125,f5_r280,f3_r569
126,f4_r1329,f4_r602
127,f3_r1500,f4_r153
128,f4_r403,f3_r232
129,f3_r880,f2_r537
130,f4_r1357,f2_r1552
131,f5_r1570,f2_r892
132,f4_r380,f4_r1009
133,f3_r700,f5_r880
134,f3_r1228,f3_r417
135,f3_r252,f3_r299
136,f2_r343,f4_r438
137,f5_r302,f3_r71
138,f5_r765,f5_r77
139,f4_r166,f3_r1633
140,f5_r3,f4_r641
141,f4_r1037,f2_r1092
142,f2_r432,f3_r572
143,f5_r752,f2_r694
144,f5_r504,f3_r962
145,f2_r1271,f3_r939
146,f3_r612,f2_r1263
147,f5_r526,f3_r1598
148,f5_r1140,f5_r1354
149,f2_r1440,f5_r125
150,f5_r327,f2_r1501
151,f4_r142,f4_r3
152,f3_r704,f3_r503
153,f2_r24,f2_r1557
154,f2_r895,f2_r1523
155,f3_r759,f3_r32
156,f2_r457,f5_r1594
157,f4_r63,f5_r16
158,f2_r1289,f4_r873
159,f3_r189,f2_r673
160,f4_r180,f2_r757
161,f4_r1567,f5_r557
162,f5_r233,f3_r1637
163,f4_r973,f2_r112
164,f3_r411,f3_r1014
165,f2_r1188,f4_r137
166,f2_r1137,f2_r1511
167,f4_r482,f4_r1621
168,f4_r1598,f3_r1068
169,f2_r629,f2_r1133
170,f4_r274,f2_r568
171,f3_r989,f3_r760
172,f4_r665,f5_r475
173,f3_r428,f2_r1513
174,f4_r741,f5_r85
175,f3_r1210,f3_r728
176,f5_r104,f2_r1327
177,f3_r768,f3_r1295
178,f3_r1019,f2_r1385
179,f2_r1507,f2_r416
180,f2_r1479,f3_r403
181,f4_r397,f3_r1009
182,f5_r188,f5_r24
183,f3_r918,f4_r578
184,f4_r1665,f3_r302
185,f2_r924,f5_r79
186,f5_r572,f2_r365
187,f3_r182,f4_r1464
188,f4_r915,f2_r888
189,f4_r885,f5_r482
190,f4_r725,f5_r1633
191,f2_r391,f5_r614
192,f5_r171,f3_r1219
193,f5_r1075,f2_r1125
194,f5_r1173,f5_r694
195,f5_r1387,f2_r885
196,f3_r581,f3_r274
197,f4_r452,f2_r1350
198,f3_r1452,f3_r203
199,f3_r429,f5_r1206
200,f3_r17,f5_r729
201,f4_r599,f4_r1268
202,f4_r1440,f2_r267
203,f2_r844,f2_r203
204,f5_r97,f4_r112
205,f2_r1307,f4_r1165
206,f5_r676,f3_r182
207,f2_r17,f4_r119
208,f2_r1025,f4_r664
209,f3_r232,f2_r678
210,f2_r1305,f5_r72
211,f3_r1438,f4_r1063
212,f2_r584,f5_r1342
213,f2_r1596,f2_r545
214,f4_r501,f4_r1556
215,f5_r392,f2_r173
216,f5_r263,f5_r341
217,f5_r1355,f4_r64
218,f2_r243,f5_r881
219,f5_r1422,f2_r1137
220,f4_r402,f5_r714
221,f4_r1165,f4_r1432
222,f5_r1349,f3_r456
223,f3_r39,f5_r719
224,f2_r878,f2_r1516
225,f5_r139,f4_r98
226,f2_r1020,f5_r1356
227,f4_r1604,f2_r1018
228,f2_r474,f3_r2
229,f3_r725,f2_r361
230,f3_r1388,f2_r1392
231,f5_r153,f2_r1583
232,f3_r203,f4_r1191
233,f3_r1698,f4_r959
234,f4_r1208,f4_r1240
235,f5_r1206,f3_r1604
236,f2_r1381,f3_r169
237,f5_r1459,f3_r673
238,f3_r1012,f5_r1051
239,f2_r439,f2_r1056
240,f3_r1032,f4_r1473
241,f3_r512,f3_r1284
242,f2_r756,f3_r1123
243,f3_r11,f4_r149
244,f5_r519,f5_r1677
245,f2_r1455,f5_r425
246,f2_r32,f2_r1145
247,f5_r1428,f5_r1068
248,f2_r1539,f3_r1158
249,f3_r707,f4_r610
250,f2_r270,f3_r748
251,f2_r1285,f3_r123
252,f4_r496,f5_r175
253,f5_r773,f4_r360
254,f3_r1456,f3_r1164
255,f3_r1475,f5_r1535
256,f5_r1125,f5_r1624
257,f4_r1559,f5_r783
258,f4_r1627,f4_r1197
259,f5_r965,f2_r1069
260,f3_r202,f2_r1075
261,f5_r1142,f5_r926
262,f4_r250,f2_r474
263,f4_r1397,f5_r839
264,f2_r593,f3_r784
265,f3_r299,f4_r870
266,f5_r1144,f3_r1617
267,f5_r1381,f4_r373
268,f3_r1287,f3_r852
269,f3_r1687,f5_r556
270,f3_r1387,f3_r153
271,f3_r1405,f3_r1319
272,f5_r482,f2_r1507
273,f3_r1349,f4_r264
274,f2_r1022,f5_r685
275,f2_r1397,f5_r1124
276,f4_r1182,f3_r612
277,f2_r61,f2_r174
278,f4_r146,f4_r925
279,f2_r766,f4_r1004
280,f3_r1194,f5_r683
281,f4_r1052,f4_r188
282,f3_r693,f3_r435
283,f3_r16,f2_r595
284,f2_r130,f2_r1134
285,f4_r1032,f3_r1577
286,f4_r1286,f2_r1533
287,f5_r197,f4_r409
288,f4_r10,f2_r828
289,f5_r214,f3_r1185
290,f5_r518,f2_r343
291,f2_r1272,f4_r1485
292,f4_r1284,f5_r922
293,f2_r378,f3_r1684
294,f5_r927,f5_r522
295,f4_r633,f3_r1079
296,f4_r1469,f3_r1586
297,f5_r1219,f2_r580
298,f5_r734,f3_r972
299,f3_r1574,f2_r1301
300,f2_r1125,f4_r932
301,f3_r516,f4_r1310
302,f4_r1353,f5_r1084
303,f2_r323,f3_r382
304,f4_r379,f3_r978
305,f3_r1471,f5_r6
306,f2_r1518,f3_r1117
307,f4_r182,f2_r460
308,f2_r1134,f2_r1336
309,f2_r405,f2_r571
310,f3_r613,f4_r695
311,f5_r485,f4_r197
312,f2_r945,f2_r1262
313,f3_r1090,f2_r1676
314,f2_r602,f4_r627
315,f2_r810,f4_r1322
316,f5_r17,f4_r97
317,f3_r175,f5_r75
318,f4_r684,f3_r1541
319,f3_r215,f2_r629
320,f5_r194,f4_r1490
321,f4_r1110,f3_r1088
322,f5_r1362,f3_r843
323,f5_r940,f4_r426
324,f2_r412,f4_r545
325,f2_r1231,f2_r922
326,f2_r776,f2_r825
327,f2_r89,f4_r665
328,f5_r789,f3_r1552
329,f5_r489,f2_r351
330,f4_r238,f4_r1507
331,f2_r279,f4_r915
332,f5_r406,f2_r1565
333,f3_r727,f4_r579
334,f3_r1351,f4_r1069
335,f2_r1647,f5_r189
336,f5_r338,f3_r1089
337,f5_r1191,f5_r501
338,f2_r648,f3_r465
339,f2_r565,f2_r983
340,f2_r1096,f4_r1681
341,f4_r795,f5_r896
342,f4_r423,f3_r1131
343,f5_r429,f5_r808
344,f5_r737,f2_r507
345,f5_r695,f3_r727
346,f2_r1072,f2_r65
347,f2_r610,f5_r296
348,f5_r1161,f5_r891
349,f5_r1071,f4_r12
350,f4_r861,f3_r1556
351,f2_r1107,f4_r995
352,f2_r223,f3_r930
353,f4_r1580,f2_r76
354,f4_r1191,f4_r351
355,f3_r968,f3_r99
356,f4_r451,f3_r242
357,f3_r59,f2_r1614
358,f3_r465,f3_r792
359,f2_r275,f5_r55
360,f4_r993,f5_r988
361,f2_r1624,f3_r931
362,f4_r120,f2_r1489
363,f4_r932,f2_r1033
364,f3_r799,f5_r734
365,f4_r702,f2_r1160
366,f5_r601,f2_r499
367,f3_r569,f3_r718
368,f4_r1632,f2_r1377
369,f3_r851,f4_r534
370,f5_r1264,f2_r450
371,f3_r1543,f3_r1080
372,f2_r524,f4_r32
373,f2_r516,f3_r670
374,f2_r764,f3_r1543
375,f5_r1256,f4_r694
376,f3_r837,f4_r1461
377,f2_r1236,f4_r588
378,f2_r1688,f4_r1237
379,f4_r643,f2_r1693
380,f2_r1477,f3_r1340
381,f5_r1680,f3_r72
382,f5_r1641,f5_r1104
383,f4_r695,f2_r1449
384,f3_r1347,f2_r237
385,f5_r1553,f3_r275
386,f3_r1237,f5_r706
387,f3_r1224,f5_r585
388,f5_r353,f2_r1622
389,f2_r368,f3_r1639
390,f5_r1552,f4_r134
391,f5_r176,f4_r1037
392,f4_r1431,f2_r632
393,f5_r174,f3_r1367
394,f2_r1240,f4_r1446
395,f3_r234,f5_r1522
396,f3_r588,f3_r86
397,f5_r53,f3_r551
398,f2_r859,f5_r1128
399,f3_r852,f3_r1230
400,f2_r1005,f2_r1388
401,f2_r498,f3_r950
402,f3_r964,f5_r1388
403,f2_r1386,f4_r146
404,f3_r1232,f3_r1223
405,f3_r856,f3_r1227
406,f4_r820,f3_r865
407,f3_r721,f3_r470
408,f5_r1288,f2_r725
409,f5_r861,f2_r1587
410,f3_r1464,f4_r832
411,f5_r1496,f5_r1597
412,f4_r622,f4_r510
413,f3_r909,f3_r851
414,f5_r977,f2_r21
415,f2_r262,f5_r1122
416,f2_r734,f5_r1413
417,f3_r1443,f5_r435
418,f3_r458,f3_r1188
419,f5_r1616,f5_r1304
420,f4_r13,f4_r255
421,f3_r1343,f5_r285
422,f5_r1342,f4_r785
423,f3_r953,f2_r1538
424,f2_r266,f2_r179
425,f5_r1,f5_r1600
426,f4_r68,f2_r1318
427,f3_r955,f5_r1524
428,f5_r79,f4_r728
429,f4_r1688,f5_r233
430,f5_r869,f5_r295
431,f3_r441,f3_r298
432,f5_r906,f3_r887
433,f4_r377,f5_r1626
434,f2_r1335,f4_r896
435,f3_r1327,f2_r478
436,f3_r1339,f3_r1673
437,f2_r277,f4_r931
438,f4_r283,f3_r1496
439,f4_r908,f2_r61
440,f2_r145,f4_r783
441,f2_r1171,f3_r140
442,f5_r1633,f5_r1449
443,f2_r775,f2_r1491
444,f5_r1568,f2_r108
445,f5_r1488,f5_r862
446,f5_r916,f2_r1401
447,f4_r1462,f4_r453
448,f5_r238,f5_r663
449,f3_r379,f4_r1296
450,f3_r549,f3_r629
451,f4_r195,f2_r83
452,f2_r975,f4_r1457
453,f3_r339,f3_r1312
454,f5_r1202,f4_r189
455,f4_r453,f3_r506
456,f3_r436,f3_r1129
457,f3_r1647,f4_r1501
458,f3_r253,f3_r224
459,f5_r1642,f2_r357
460,f3_r939,f5_r1456
461,f2_r1367,f2_r1696
462,f3_r1302,f2_r915
463,f4_r1470,f5_r322
464,f5_r1068,f3_r1057
465,f5_r43,f2_r262
466,f3_r1311,f3_r665
467,f3_r1565,f3_r532
468,f4_r1341,f4_r696
469,f5_r1245,f4_r324
470,f5_r778,f4_r251
471,f2_r1033,f3_r5
472,f2_r1424,f5_r1150
473,f3_r1056,f5_r17
474,f5_r611,f5_r1075
475,f2_r205,f5_r479
476,f5_r645,f3_r556
477,f4_r1287,f5_r1161
478,f5_r923,f5_r1048
479,f2_r44,f3_r1634
480,f3_r849,f5_r330
481,f3_r25,f5_r1516
482,f2_r28,f3_r1465
483,f5_r1115,f3_r542
484,f3_r142,f2_r1279
485,f2_r1524,f4_r1110
486,f4_r947,f5_r182
487,f2_r108,f5_r644
488,f5_r41,f4_r1458
489,f3_r1619,f5_r1296
490,f5_r517,f5_r347
491,f3_r254,f2_r1273
492,f3_r1447,f3_r1268
493,f2_r383,f5_r598
494,f2_r233,f4_r740
495,f5_r109,f3_r1347
496,f5_r1205,f3_r117
497,f5_r142,f5_r1155
498,f2_r849,f4_r872
499,f3_r1341,f3_r565
500,f3_r855,f3_r238
501,f2_r206,f3_r996
502,f5_r627,f5_r188
503,f4_r892,f3_r144
504,f3_r1076,f2_r1073
505,f3_r1128,f2_r1287
506,f2_r834,f5_r725
507,f2_r416,f2_r917
508,f3_r996,f4_r1324
509,f5_r984,f5_r163
510,f2_r110,f3_r252
511,f4_r1132,f4_r879
512,f2_r413,f4_r1342
513,f4_r149,f4_r614
514,f3_r1275,f4_r1470
515,f5_r531,f5_r672
516,f3_r1162,f3_r151
517,f5_r417,f2_r1200
518,f2_r716,f5_r1591
519,f2_r943,f2_r1432
520,f4_r401,f5_r1294
521,f2_r847,f2_r997
522,f4_r261,f5_r1527
523,f2_r450,f4_r1527
524,f2_r1349,f2_r883
525,f5_r317,f5_r1312
526,f5_r306,f4_r1593
527,f2_r991,f3_r1008
528,f5_r1226,f2_r1150
529,f2_r1394,f5_r424
530,f4_r836,f5_r1480
531,f3_r263,f2_r1598
532,f2_r1160,f2_r273
533,f5_r715,f2_r1599
534,f3_r98,f4_r1210
535,f2_r1376,f5_r47
536,f2_r1520,f4_r643
537,f3_r1142,f2_r1320
538,f5_r496,f5_r779
539,f3_r1633,f2_r1055
540,f5_r1085,f4_r1273
541,f2_r1011,f4_r315
542,f3_r87,f5_r171
543,f5_r883,f2_r304
544,f2_r585,f5_r101
545,f3_r1650,f4_r1496
546,f2_r133,f3_r1075
547,f3_r425,f4_r1697
548,f2_r1645,f3_r854
549,f3_r1322,f4_r203
550,f2_r596,f4_r1510
551,f3_r1065,f3_r1264
552,f2_r1308,f4_r945
553,f4_r225,f5_r1118
554,f3_r987,f3_r425
555,f2_r863,f4_r1135
556,f3_r324,f5_r1641
557,f2_r1551,f4_r83
558,f4_r1019,f5_r449
559,f4_r712,f5_r1590
560,f4_r312,f2_r1698
561,f3_r1649,f3_r1631
562,f2_r479,f2_r974
563,f5_r1113,f4_r927
564,f5_r963,f4_r124
565,f3_r977,f4_r1235
566,f2_r436,f3_r1503
567,f4_r774,f4_r1512
568,f3_r653,f3_r1509
569,f2_r359,f4_r287
570,f4_r287,f2_r183
571,f4_r28,f3_r1140
572,f5_r222,f3_r1142
573,f5_r994,f3_r1372
574,f3_r471,f2_r391
575,f2_r963,f5_r1057
576,f3_r1127,f3_r1600
577,f4_r1255,f2_r16
578,f4_r265,f5_r749
579,f3_r372,f3_r704
580,f5_r466,f3_r321
581,f4_r755,f2_r854
582,f3_r1265,f5_r238
583,f5_r974,f3_r1263
584,f3_r686,f2_r359
585,f5_r399,f4_r6
586,f4_r1325,f5_r1156
587,f5_r19,f3_r1539
588,f4_r2,f2_r1229
589,f4_r286,f5_r637
590,f4_r1324,f4_r1275
591,f3_r209,f4_r1104
592,f4_r1687,f4_r85
593,f2_r580,f2_r1562
594,f2_r981,f3_r113
595,f2_r1177,f5_r682
596,f2_r1193,f5_r1111
597,f4_r970,f3_r1297
598,f2_r40,f5_r1669
599,f2_r213,f4_r652
600,f4_r1426,f3_r1375
601,f3_r426,f2_r1088
602,f4_r161,f2_r1637
603,f4_r1205,f3_r1650
604,f3_r1006,f4_r730
605,f5_r442,f4_r1662
606,f4_r133,f5_r737
607,f3_r1017,f2_r246
608,f3_r284,f5_r142
609,f2_r1351,f5_r1387
610,f3_r726,f3_r965
611,f4_r347,f4_r386
612,f4_r734,f4_r635
613,f3_r106,f4_r1109
614,f5_r1332,f4_r978
615,f4_r32,f5_r1044
616,f5_r164,f4_r1602
617,f5_r265,f3_r1506
618,f4_r600,f5_r964
619,f5_r1039,f5_r993
620,f3_r295,f3_r874
621,f5_r671,f3_r658
622,f3_r932,f2_r420
623,f2_r1561,f2_r1120
624,f5_r1656,f3_r488
625,f3_r1624,f3_r96
626,f4_r635,f4_r1425
627,f3_r1145,f4_r1548
628,f5_r899,f3_r217
629,f4_r1310,f2_r1493
630,f5_r585,f3_r107
631,f2_r1051,f4_r1103
632,f5_r323,f2_r1504
633,f4_r1212,f2_r405
634,f3_r841,f3_r189
635,f5_r631,f2_r161
636,f4_r61,f5_r1661
637,f5_r1661,f4_r1269
638,f3_r413,f2_r170
639,f2_r617,f5_r1129
640,f3_r614,f3_r641
641,f3_r1078,f2_r1447
642,f2_r897,f2_r875
643,f5_r39,f5_r447
644,f2_r537,f2_r1196
645,f2_r473,f5_r19
646,f2_r1695,f2_r1645
647,f2_r68,f2_r147
648,f4_r1530,f4_r1632
649,f5_r316,f3_r1653
650,f2_r561,f3_r835
651,f3_r1219,f3_r6
652,f3_r1541,f2_r1233
653,f5_r788,f2_r508
654,f5_r1376,f3_r340
655,f2_r974,f5_r1649
656,f5_r154,f4_r1229
657,f4_r654,f5_r314
658,f5_r292,f5_r459
659,f2_r179,f2_r224
660,f4_r158,f3_r1351
661,f2_r1385,f3_r1443
662,f2_r408,f5_r1407
663,f3_r291,f5_r1095
664,f3_r912,f3_r1440
665,f3_r853,f4_r1677
666,f3_r1335,f5_r1567
667,f4_r1489,f2_r167
668,f5_r1124,f4_r891
669,f5_r204,f3_r1448
670,f4_r330,f2_r1190
671,f3_r1422,f4_r1433
672,f2_r1372,f4_r1660
673,f2_r1030,f5_r1602
674,f5_r1232,f2_r1305
675,f5_r683,f2_r1162
676,f2_r261,f3_r850
677,f2_r1438,f4_r125
678,f5_r626,f3_r582
679,f5_r1566,f4_r1376
680,f2_r1549,f5_r1116
681,f3_r1391,f4_r1520
682,f2_r1504,f2_r292
683,f3_r979,f4_r1307
684,f3_r47,f3_r562
685,f5_r688,f2_r1589
686,f5_r1550,f4_r1536
687,f2_r618,f5_r299
688,f2_r508,f3_r927
689,f2_r1644,f2_r1308
690,f3_r1648,f4_r859
691,f5_r245,f2_r1096
692,f2_r1503,f5_r820
693,f3_r1406,f4_r1323
694,f3_r1372,f4_r1155
695,f3_r357,f2_r790
696,f2_r1140,f4_r180
697,f2_r20,f5_r1219
698,f2_r1012,f4_r1221
699,f5_r1048,f3_r1150
700,f2_r1420,f4_r678
701,f5_r157,f3_r884
702,f5_r1241,f4_r291
703,f3_r1161,f4_r947
704,f5_r195,f2_r208
705,f5_r725,f5_r269
706,f5_r556,f5_r1536
707,f4_r64,f4_r1494
708,f5_r354,f5_r1698
709,f2_r1443,f5_r1466
710,f5_r475,f5_r1290
711,f3_r1099,f2_r1561
712,f3_r1403,f3_r24
713,f4_r927,f3_r757
714,f5_r131,f3_r1565
715,f4_r1389,f5_r925
716,f5_r1449,f4_r1567
717,f5_r1594,f3_r246
718,f4_r1486,f5_r794
719,f4_r1496,f2_r1472
720,f3_r485,f4_r446
721,f2_r1612,f3_r219
722,f4_r74,f5_r236
723,f2_r1456,f3_r52
724,f5_r1471,f4_r847
725,f5_r1054,f3_r239
726,f2_r1350,f5_r884
727,f3_r809,f4_r844
728,f4_r1142,f3_r1464
729,f3_r1091,f5_r1436
730,f2_r782,f3_r294
731,f5_r1685,f3_r49
732,f3_r756,f5_r1066
733,f3_r830,f5_r494
734,f3_r48,f4_r1341
735,f3_r1644,f3_r753
736,f3_r302,f5_r1319
737,f3_r1549,f5_r726
738,f2_r483,f4_r384
739,f3_r1180,f2_r945
740,f5_r1023,f4_r1641
741,f4_r91,f2_r1012
742,f4_r1360,f4_r284
743,f2_r1474,f2_r64
744,f5_r1683,f4_r22
745,f4_r1600,f4_r525
746,f4_r1307,f2_r1448
747,f2_r485,f2_r539
748,f4_r883,f5_r679
749,f2_r1174,f3_r787
750,f5_r658,f2_r1570
751,f4_r1691,f5_r340
752,f3_r1313,f4_r1224
753,f4_r53,f4_r1317
754,f5_r1655,f4_r394
755,f4_r1173,f4_r1318
756,f5_r1521,f2_r863
757,f3_r941,f5_r1190
758,f5_r1187,f2_r484
759,f5_r1613,f4_r1302
760,f3_r394,f2_r1672
761,f2_r914,f5_r1332
762,f2_r1153,f2_r432
763,f4_r534,f4_r1362
764,f5_r1305,f2_r622
765,f3_r244,f5_r1000
766,f2_r65,f5_r36
767,f3_r691,f4_r1091
768,f2_r1659,f5_r1311
769,f4_r670,f2_r914
770,f2_r303,f5_r879
771,f5_r1503,f5_r693
772,f5_r1494,f4_r741
773,f2_r490,f3_r811
774,f4_r1636,f3_r1489
775,f2_r890,f4_r1092
776,f4_r1231,f5_r1085
777,f3_r513,f5_r1
778,f2_r124,f5_r1547
779,f4_r1690,f3_r212
780,f5_r1429,f3_r762
781,f3_r870,f3_r1622
782,f4_r355,f2_r1370
783,f5_r111,f3_r244
784,f2_r1075,f3_r493
785,f4_r58,f4_r1396
786,f5_r239,f4_r1188
787,f2_r1113,f5_r1119
788,f4_r328,f3_r379
789,f4_r77,f5_r179
790,f2_r238,f2_r5
791,f3_r1042,f2_r52
792,f5_r262,f4_r1062
793,f5_r832,f5_r584
794,f2_r1559,f2_r1534
795,f4_r873,f5_r1471
796,f3_r848,f3_r1076
797,f5_r1406,f4_r784
798,f3_r1222,f4_r593
799,f3_r1080,f5_r1061
800,f3_r745,f4_r1671
801,f2_r264,f3_r1460
802,f2_r1238,f3_r1194
803,f5_r421,f3_r1157
804,f5_r968,f5_r398
805,f2_r83,f3_r1272
806,f4_r1254,f3_r1493
807,f4_r786,f5_r752
808,f3_r397,f3_r423
809,f2_r1055,f3_r669
810,f4_r1610,f2_r336
811,f4_r1248,f2_r895
812,f4_r1023,f4_r33
813,f3_r943,f5_r444
814,f2_r706,f3_r891
815,f3_r463,f2_r84
816,f3_r1198,f5_r1295
817,f3_r1334,f2_r1236
818,f4_r783,f2_r1554
819,f5_r1350,f4_r1248
820,f3_r1352,f5_r1196
821,f2_r237,f5_r566
822,f4_r214,f2_r1669
823,f4_r1538,f4_r29
824,f4_r614,f5_r846
825,f5_r592,f2_r903
826,f4_r1457,f5_r1539
827,f4_r1407,f3_r988
828,f4_r1641,f2_r233
829,f2_r507,f5_r1187
830,f5_r1190,f3_r808
831,f2_r418,f2_r805
832,f5_r542,f2_r73
833,f3_r71,f5_r1305
834,f5_r1078,f5_r31
835,f3_r962,f2_r1253
836,f5_r1558,f2_r1434
837,f2_r795,f2_r1632
838,f3_r332,f5_r1682
839,f4_r34,f4_r1678
840,f4_r267,f5_r632
841,f2_r1196,f3_r721
842,f4_r1340,f2_r1
843,f3_r1562,f5_r549
844,f4_r70,f5_r402
845,f4_r210,f4_r337
846,f3_r1094,f2_r35
847,f3_r506,f4_r1120
848,f5_r361,f3_r1252
849,f3_r665,f4_r1443
850,f2_r1161,f3_r700
851,f2_r1552,f2_r1248
852,f3_r283,f2_r800
853,f3_r231,f2_r448
854,f3_r5,f5_r1056
855,f3_r1274,f5_r548
856,f3_r1631,f4_r998
857,f4_r199,f2_r1340
858,f5_r732,f2_r890
859,f4_r1380,f4_r9
860,f4_r513,f3_r880
861,f3_r1156,f2_r1634
862,f4_r69,f4_r345
863,f2_r1621,f5_r1530
864,f5_r52,f2_r1636
865,f5_r68,f5_r708
866,f4_r6,f5_r159
867,f4_r1170,f5_r443
868,f5_r1451,f3_r640
869,f4_r925,f5_r339
870,f4_r1091,f3_r37
871,f4_r1459,f3_r782
872,f3_r887,f4_r1140
873,f3_r1498,f2_r1367
874,f3_r703,f2_r630
875,f3_r874,f5_r789
876,f2_r1360,f5_r1205
877,f2_r540,f3_r1454
878,f3_r6,f5_r1502
879,f5_r762,f5_r1683
880,f3_r487,f4_r871
881,f5_r1200,f3_r1228
882,f5_r481,f3_r1456
883,f4_r1216,f2_r387
884,f5_r1698,f3_r1419
885,f4_r1316,f3_r698
886,f4_r324,f2_r1462
887,f5_r1143,f2_r275
888,f4_r914,f3_r166
889,f3_r986,f4_r311
890,f5_r1162,f5_r657
891,f5_r122,f4_r1675
892,f3_r685,f5_r1610
893,f5_r162,f3_r1043
894,f2_r555,f5_r262
895,f2_r544,f4_r173
896,f2_r1582,f3_r1414
897,f5_r491,f2_r171
898,f3_r551,f2_r1352
899,f2_r1218,f4_r826
900,f4_r815,f3_r287
901,f3_r1315,f5_r28
902,f4_r1172,f5_r399
903,f2_r1027,f5_r675
904,f3_r423,f5_r161
905,f4_r1376,f4_r769
906,f5_r1055,f3_r437
907,f3_r807,f5_r763
908,f2_r833,f3_r1436
909,f2_r742,f3_r879
910,f4_r173,f2_r1668
911,f3_r449,f3_r398
912,f5_r1214,f4_r48
913,f5_r926,f3_r471
914,f4_r859,f2_r17
915,f4_r1155,f4_r1083
916,f2_r973,f4_r396
917,f5_r1542,f4_r1588
918,f3_r555,f5_r1113
919,f3_r641,f2_r1665
920,f3_r493,f4_r312
921,f4_r1631,f5_r1279
922,f3_r472,f3_r832
923,f2_r1120,f3_r955
924,f3_r1185,f5_r1458
925,f3_r722,f3_r1124
926,f4_r14,f3_r1032
927,f4_r519,f4_r1544
928,f5_r1529,f2_r1097
929,f4_r140,f2_r114
930,f2_r1053,f4_r53
931,f2_r1506,f5_r969
932,f3_r388,f3_r545
933,f3_r956,f2_r1539
934,f2_r1634,f3_r1275
935,f2_r313,f3_r215
936,f4_r1561,f5_r957
937,f2_r235,f2_r1217
938,f4_r1301,f5_r1445
939,f3_r1480,f4_r1379
940,f3_r225,f4_r1064
941,f3_r940,f5_r840
942,f3_r1555,f5_r122
943,f2_r568,f4_r1404
944,f2_r1291,f5_r1631
945,f5_r1277,f2_r104
946,f4_r933,f4_r460
947,f2_r461,f4_r886
948,f5_r808,f4_r432
949,f3_r673,f4_r1614
950,f2_r187,f5_r1593
951,f3_r479,f4_r1244
952,f3_r559,f2_r521
953,f3_r1179,f5_r53
954,f5_r581,f2_r576
955,f5_r804,f5_r695
956,f4_r1174,f5_r1278
957,f3_r784,f4_r415
958,f3_r83,f5_r275
959,f5_r1333,f2_r464
960,f5_r593,f2_r303
961,f5_r241,f5_r336
962,f3_r420,f4_r1041
963,f3_r827,f4_r214
964,f3_r773,f5_r859
965,f3_r1395,f2_r506
966,f3_r511,f4_r765
967,f4_r1008,f3_r513
968,f4_r833,f4_r464
969,f4_r1138,f5_r1521
970,f4_r869,f2_r1338
971,f2_r1493,f3_r583
972,f5_r921,f4_r966
973,f4_r811,f5_r1686
974,f4_r1263,f2_r1631
975,f2_r255,f3_r269
976,f2_r1584,f5_r1137
977,f2_r77,f4_r895
978,f3_r400,f5_r718
979,f4_r1523,f4_r984
980,f2_r287,f4_r1504
981,f5_r1673,f2_r1051
982,f2_r1388,f4_r881
983,f2_r1248,f3_r446
984,f4_r218,f3_r1434
985,f5_r930,f5_r348
986,f2_r854,f4_r1559
987,f2_r1696,f3_r878
988,f5_r295,f5_r297
989,f3_r1552,f3_r461
990,f3_r275,f5_r162
991,f5_r960,f5_r1192
992,f4_r1221,f2_r1294
993,f4_r992,f3_r1534
994,f5_r1013,f5_r1179
995,f3_r1312,f5_r353
996,f5_r1311,f5_r1655
997,f2_r1607,f5_r1286
998,f4_r1573,f4_r354
999,f3_r730,f4_r34
1000,f2_r1669,f2_r760
1001,f2_r1010,f3_r264
1002,f3_r1183,f3_r918
1003,f3_r1149,f2_r1218
1004,f5_r862,f3_r286
1005,f3_r1123,f2_r573
1006,f5_r203,f2_r1484
1007,f5_r172,f4_r155
1008,f3_r975,f4_r1452
1009,f4_r767,f4_r582
1010,f3_r1047,f2_r1460
1011,f4_r1135,f2_r1285
1012,f5_r93,f2_r404
1013,f3_r1684,f4_r1627
1014,f3_r1079,f4_r28
1015,f3_r528,f3_r1050
1016,f5_r198,f3_r1056
1017,f5_r31,f4_r1479
1018,f5_r1638,f3_r1210
1019,f4_r763,f4_r265
1020,f3_r77,f4_r328
1021,f3_r1690,f2_r558
1022,f3_r1659,f5_r97
1023,f4_r984,f5_r1105
1024,f2_r643,f5_r1285
1025,f3_r803,f4_r105
1026,f3_r101,f3_r1232
1027,f4_r587,f2_r133
1028,f3_r1444,f4_r1316
1029,f2_r385,f5_r1691
1030,f2_r532,f3_r822
1031,f2_r1573,f2_r1502
1032,f4_r1076,f2_r1259
1033,f4_r721,f2_r243
1034,f5_r88,f5_r39
1035,f4_r94,f4_r688
1036,f4_r1427,f2_r564
1037,f3_r1116,f4_r1688
1038,f2_r1402,f3_r1251
1039,f3_r957,f3_r39
1040,f2_r1603,f5_r294
1041,f3_r936,f5_r1467
1042,f3_r427,f5_r153
1043,f2_r804,f5_r1581
1044,f5_r387,f2_r557
1045,f4_r858,f4_r183
1046,f2_r1076,f4_r113
1047,f3_r1408,f5_r1009
1048,f3_r976,f3_r1339
1049,f3_r769,f4_r377
1050,f2_r535,f5_r1230
1051,f2_r357,f2_r975
1052,f2_r1339,f4_r802
1053,f4_r1582,f4_r1643
1054,f5_r51,f4_r560
1055,f2_r26,f5_r1013
1056,f5_r112,f3_r1444
1057,f4_r374,f5_r1613
1058,f4_r1104,f3_r849
1059,f4_r1366,f3_r1655
1060,f2_r1414,f2_r769
1061,f2_r251,f4_r597
1062,f3_r1117,f2_r1391
1063,f5_r711,f5_r1097
1064,f5_r795,f5_r535
1065,f5_r1518,f5_r241
1066,f3_r439,f5_r1232
1067,f2_r161,f4_r1357
1068,f2_r665,f2_r528
1069,f2_r781,f4_r1255
1070,f2_r445,f4_r771
1071,f5_r48,f3_r666
1072,f2_r1446,f4_r286
1073,f4_r176,f3_r1163
1074,f5_r868,f5_r147
1075,f5_r620,f4_r1431
1076,f4_r549,f5_r76
1077,f2_r1336,f5_r145
1078,f3_r152,f2_r641
1079,f2_r76,f5_r895
1080,f2_r1632,f4_r222
1081,f3_r307,f2_r1575
1082,f2_r546,f3_r1473
1083,f5_r1516,f4_r1108
1084,f5_r1443,f4_r858
1085,f5_r1014,f2_r264
1086,f3_r711,f4_r1424
1087,f5_r1627,f2_r959
1088,f5_r1150,f3_r1400
1089,f5_r1588,f5_r504
1090,f2_r1626,f4_r702
1091,f2_r421,f5_r667
1092,f2_r1004,f4_r118
1093,f4_r1096,f3_r250
1094,f3_r134,f2_r328
1095,f3_r55,f5_r1426
1096,f3_r1646,f2_r1290
1097,f2_r308,f4_r355
1098,f3_r282,f2_r206
1099,f2_r1450,f3_r221
1100,f2_r284,f2_r992
1101,f4_r1464,f4_r340
1102,f5_r1663,f5_r973
1103,f5_r209,f4_r1182
1104,f3_r1293,f2_r963
1105,f5_r1573,f5_r1497
1106,f3_r1397,f4_r69
1107,f3_r670,f3_r614
1108,f3_r692,f4_r1652
1109,f4_r1466,f3_r682
1110,f5_r1172,f3_r1017
1111,f3_r884,f3_r902
1112,f5_r604,f2_r1520
1113,f3_r843,f3_r838
1114,f5_r1476,f5_r730
1115,f3_r750,f2_r223
1116,f4_r626,f3_r1418
1117,f4_r939,f3_r1180
1118,f3_r811,f2_r1333
1119,f3_r662,f2_r1540
1120,f4_r345,f3_r929
1121,f3_r330,f4_r812
1122,f3_r1384,f3_r1331
1123,f5_r285,f4_r1212
1124,f5_r28,f3_r507
1125,f5_r873,f4_r1375
1126,f4_r1346,f3_r1203
1127,f4_r207,f5_r476
1128,f2_r940,f2_r716
1129,f2_r332,f5_r1440
1130,f3_r1202,f5_r280
1131,f5_r1597,f4_r556
1132,f2_r345,f5_r1315
1133,f2_r1327,f5_r503
1134,f2_r979,f2_r1412
1135,f4_r1115,f3_r1348
1136,f2_r843,f5_r1049
1137,f2_r930,f5_r157
1138,f4_r535,f4_r1579
1139,f3_r1295,f4_r835
1140,f4_r1224,f2_r714
1141,f5_r445,f3_r1532
1142,f2_r1359,f2_r322
1143,f5_r831,f2_r263
1144,f4_r1210,f5_r210
1145,f5_r63,f5_r1390
1146,f4_r427,f2_r1607
1147,f2_r55,f5_r493
1148,f3_r1129,f3_r263
1149,f2_r173,f5_r496
1150,f3_r1233,f2_r1360
1151,f3_r558,f3_r502
1152,f4_r1683,f2_r1127
1153,f2_r4,f5_r13
1154,f3_r782,f5_r452
1155,f2_r633,f2_r1239
1156,f5_r908,f4_r693
1157,f2_r1460,f2_r408
1158,f2_r1366,f5_r1326
1159,f5_r1049,f4_r1315
1160,f3_r545,f3_r803
1161,f3_r1586,f5_r7
1162,f5_r467,f2_r51
1163,f5_r223,f4_r475
1164,f3_r369,f2_r113
1165,f3_r1235,f2_r1313
1166,f2_r1018,f2_r116
1167,f3_r250,f3_r1646
1168,f3_r445,f5_r906
1169,f3_r246,f5_r990
1170,f5_r1057,f5_r308
1171,f4_r131,f3_r1052
1172,f5_r159,f3_r1286
1173,f4_r381,f4_r57
1174,f3_r1135,f5_r331
1175,f2_r922,f5_r1038
1176,f2_r386,f4_r332
1177,f3_r1195,f5_r327
1178,f2_r194,f4_r671
1179,f2_r1295,f4_r368
1180,f5_r1167,f4_r885
1181,f2_r1425,f2_r976
1182,f2_r1412,f5_r211
1183,f4_r1296,f5_r994
1184,f4_r89,f2_r1402
1185,f2_r962,f2_r398
1186,f5_r707,f5_r1316
1187,f5_r147,f2_r409
1188,f2_r119,f5_r1627
1189,f3_r34,f3_r555
1190,f2_r903,f2_r954
1191,f3_r636,f2_r1650
1192,f2_r1068,f4_r1351
1193,f4_r814,f5_r1299
1194,f3_r500,f3_r1542
1195,f4_r1262,f3_r282
1196,f4_r1654,f2_r946
1197,f2_r73,f2_r1224
1198,f2_r1665,f5_r927
1199,f4_r868,f5_r1008
1200,f5_r859,f4_r537
1201,f3_r1292,f2_r1161
1202,f4_r387,f4_r776
1203,f2_r59,f5_r489
1204,f3_r1488,f4_r686
1205,f2_r911,f2_r979
1206,f2_r554,f2_r982
1207,f3_r875,f5_r1371
1208,f5_r1600,f5_r84
1209,f2_r900,f2_r1178
1210,f3_r153,f5_r1281
1211,f5_r1446,f2_r710
1212,f2_r203,f4_r617
1213,f5_r494,f3_r119
1214,f4_r852,f2_r889
1215,f3_r248,f3_r1498
1216,f3_r359,f3_r531
1217,f2_r774,f3_r1225
1218,f2_r672,f2_r1074
1219,f3_r515,f5_r1647
1220,f3_r1307,f5_r1553
1221,f3_r866,f4_r241
1222,f3_r888,f2_r422
1223,f3_r431,f5_r532
1224,f4_r847,f4_r1258
1225,f5_r924,f4_r1340
1226,f3_r1139,f5_r383
1227,f5_r1421,f3_r1690
1228,f4_r1112,f5_r1016
1229,f2_r47,f5_r1438
1230,f3_r405,f3_r384
1231,f5_r596,f4_r1497
1232,f5_r799,f3_r350
1233,f5_r165,f4_r1419
1234,f3_r15,f4_r1187
1235,f2_r750,f5_r350
1236,f5_r261,f4_r633
1237,f4_r338,f5_r1648
1238,f4_r1050,f3_r1307
1239,f2_r118,f4_r1407
1240,f3_r65,f4_r833
1241,f2_r933,f3_r66
1242,f5_r728,f2_r764
1243,f3_r61,f2_r699
1244,f2_r1129,f3_r348
1245,f4_r1266,f4_r198
1246,f5_r680,f2_r164
1247,f2_r53,f4_r684
1248,f3_r1499,f5_r805
1249,f3_r696,f5_r1123
1250,f5_r1620,f4_r1469
1251,f3_r620,f4_r1084
1252,f4_r738,f2_r1450
1253,f5_r1397,f5_r671
1254,f5_r533,f4_r854
1255,f4_r115,f4_r14
1256,f5_r1272,f4_r440
1257,f5_r874,f2_r1020
1258,f5_r1216,f4_r423
1259,f4_r1405,f3_r11
1260,f2_r577,f5_r1202
1261,f3_r818,f3_r656
1262,f3_r401,f5_r506
1263,f2_r589,f3_r882
1264,f5_r666,f5_r1330
1265,f3_r635,f5_r747
1266,f4_r673,f5_r945
1267,f3_r279,f4_r1277
1268,f2_r1252,f2_r372
1269,f4_r1259,f2_r1188
1270,f2_r39,f2_r1528
1271,f3_r845,f3_r14
1272,f2_r321,f5_r422
1273,f2_r1179,f5_r940
1274,f2_r1382,f5_r1664
1275,f2_r623,f5_r1518
1276,f2_r1242,f2_r111
1277,f4_r1659,f5_r485
1278,f4_r889,f2_r1474
1279,f2_r1230,f4_r557
1280,f2_r920,f3_r295
1281,f4_r1260,f5_r223
1282,f3_r168,f5_r237
1283,f2_r168,f5_r319
1284,f3_r1092,f2_r574
1285,f4_r314,f2_r47
1286,f5_r619,f3_r593
1287,f5_r136,f5_r788
1288,f3_r1435,f3_r114
1289,f5_r1554,f5_r1103
1290,f5_r1375,f4_r1389
1291,f3_r952,f2_r465
1292,f2_r433,f3_r662
1293,f5_r413,f3_r660
1294,f3_r605,f3_r559
1295,f2_r1697,f4_r1076
1296,f5_r576,f3_r805
1297,f4_r1219,f4_r492
1298,f2_r990,f2_r394
1299,f5_r600,f3_r1145
1300,f2_r455,f2_r24
1301,f4_r1319,f5_r571
1302,f2_r493,f2_r776
1303,f5_r1265,f4_r170
1304,f3_r1021,f2_r68
1305,f3_r681,f2_r378
1306,f5_r790,f4_r983
1307,f4_r1540,f5_r316
1308,f5_r742,f3_r50
1309,f5_r678,f2_r944
1310,f2_r67,f2_r603
1311,f5_r1239,f5_r832
1312,f2_r873,f3_r1222
1313,f2_r1368,f5_r172
1314,f4_r1133,f4_r992
1315,f2_r79,f4_r157
1316,f5_r848,f5_r1180
1317,f2_r701,f2_r181
1318,f4_r658,f4_r794
1319,f2_r1130,f3_r1038
1320,f3_r900,f3_r322
1321,f2_r1192,f2_r1664
1322,f2_r909,f5_r1663
1323,f4_r1502,f3_r1574
1324,f2_r621,f3_r886
1325,f2_r1244,f3_r1611
1326,f3_r371,f3_r458
1327,f2_r786,f3_r744
1328,f5_r1492,f5_r354
1329,f4_r200,f5_r1125
1330,f3_r1426,f5_r769
1331,f5_r1690,f4_r430
1332,f2_r7,f4_r1300
1333,f3_r800,f4_r820
1334,f4_r303,f2_r330
1335,f4_r1586,f5_r676
1336,f2_r583,f3_r448
1337,f4_r1156,f4_r1242
1338,f2_r1090,f2_r1535
1339,f2_r1566,f3_r1385
1340,f2_r489,f3_r836
1341,f2_r337,f5_r156
1342,f2_r1208,f4_r968
1343,f5_r629,f3_r571
1344,f3_r505,f2_r1210
1345,f5_r1501,f4_r908
1346,f3_r373,f2_r836
1347,f5_r1220,f3_r979
1348,f5_r89,f4_r1636
1349,f2_r1638,f5_r194
1350,f4_r1202,f5_r531
1351,f2_r1326,f4_r1625
1352,f5_r938,f3_r716
1353,f5_r796,f4_r1513
1354,f5_r892,f5_r1483
1355,f5_r610,f5_r1638
1356,f2_r1094,f5_r1165
1357,f4_r942,f4_r861
1358,f2_r649,f5_r1211
1359,f5_r929,f5_r837
1360,f3_r130,f3_r1113
1361,f4_r259,f2_r1455
1362,f4_r1022,f3_r1149
1363,f2_r1453,f4_r666
1364,f2_r1209,f3_r124
1365,f4_r520,f3_r1391
1366,f4_r1669,f5_r1320
1367,f3_r1671,f4_r805
1368,f2_r317,f3_r893
1369,f4_r1661,f2_r248
1370,f2_r1558,f5_r1523
1371,f3_r954,f4_r1346
1372,f4_r489,f5_r1023
1373,f4_r1072,f3_r494
1374,f2_r11,f5_r953
1375,f4_r764,f5_r1359
1376,f4_r988,f3_r1028
1377,f4_r1089,f5_r1212
1378,f5_r146,f2_r1551
1379,f2_r252,f4_r210
1380,f4_r481,f5_r1291
1381,f2_r437,f3_r251
1382,f2_r919,f5_r741
1383,f2_r1395,f3_r522
1384,f2_r1268,f5_r492
1385,f5_r321,f3_r1678
1386,f4_r1059,f5_r1400
1387,f4_r737,f4_r1462
1388,f2_r86,f5_r542
1389,f3_r1146,f5_r12
1390,f4_r1553,f4_r1598
1391,f4_r724,f4_r1634
1392,f3_r1605,f3_r68
1393,f2_r429,f3_r1416
1394,f2_r1522,f5_r1615
1395,f2_r658,f4_r1216
1396,f5_r623,f2_r418
1397,f2_r1572,f5_r931
1398,f4_r1528,f2_r436
1399,f5_r1357,f4_r1676
1400,f5_r636,f3_r915
1401,f3_r731,f2_r218
1402,f5_r1280,f3_r106
1403,f4_r1415,f3_r743
1404,f5_r349,f5_r1629
1405,f2_r591,f4_r341
1406,f4_r1152,f4_r1466
1407,f3_r1564,f3_r185
1408,f4_r1163,f3_r78
1409,f2_r341,f4_r793
1410,f4_r1304,f5_r154
1411,f2_r587,f5_r1152
1412,f4_r88,f4_r815
1413,f4_r1147,f2_r810
1414,f2_r1015,f3_r1584
1415,f4_r220,f5_r463
1416,f5_r595,f5_r474
1417,f3_r468,f2_r389
1418,f5_r618,f4_r993
1419,f5_r1090,f2_r1393
1420,f2_r87,f4_r1692
1421,f3_r712,f3_r639
1422,f5_r1528,f4_r1078
1423,f2_r857,f3_r752
1424,f2_r798,f3_r1458
1425,f4_r245,f2_r940
1426,f4_r1151,f3_r983
1427,f3_r93,f2_r878
1428,f2_r1431,f4_r58
1429,f4_r953,f4_r866
1430,f3_r1512,f3_r1306
1431,f5_r432,f2_r648
1432,f3_r705,f5_r1443
1433,f5_r1434,f5_r149
1434,f3_r273,f2_r504
1435,f4_r689,f5_r102
1436,f2_r129,f4_r607
1437,f5_r1102,f5_r1605
1438,f3_r1491,f3_r152
1439,f4_r487,f3_r320
1440,f5_r1561,f3_r307
1441,f2_r312,f3_r1687
1442,f4_r1633,f2_r310
1443,f2_r1281,f3_r1290
1444,f4_r999,f2_r913
1445,f2_r865,f3_r928
1446,f5_r717,f2_r270
1447,f4_r1053,f5_r263
1448,f3_r623,f2_r1099
1449,f5_r426,f3_r1378
1450,f2_r438,f2_r55
1451,f4_r398,f2_r569
1452,f5_r822,f4_r74
1453,f4_r95,f3_r381
1454,f2_r22,f4_r939
1455,f4_r299,f3_r794
1456,f4_r1618,f5_r1660
1457,f3_r1511,f2_r1124
1458,f3_r645,f2_r540
1459,f4_r135,f2_r570
1460,f5_r1461,f5_r773
1461,f5_r1493,f3_r1593
1462,f4_r543,f3_r1058
1463,f2_r1103,f4_r1393
1464,f3_r1399,f5_r1020
1465,f5_r552,f3_r1507
1466,f3_r1355,f5_r1570
1467,f2_r597,f5_r692
1468,f2_r1258,f5_r1037
1469,f3_r229,f3_r1049
1470,f4_r571,f2_r242
1471,f3_r1579,f2_r822
1472,f3_r1677,f5_r214
1473,f3_r642,f4_r587
1474,f2_r1148,f2_r462
1475,f5_r854,f2_r819
1476,f3_r1282,f4_r249
1477,f3_r1424,f4_r279
1478,f4_r424,f3_r1171
1479,f2_r1314,f4_r1673
1480,f4_r1183,f2_r1250
1481,f5_r258,f5_r1207
1482,f5_r1526,f3_r949
1483,f4_r353,f5_r1170
1484,f5_r1667,f3_r1
1485,f5_r587,f3_r769
1486,f4_r773,f2_r624
1487,f2_r827,f5_r1616
1488,f2_r1369,f3_r1405
1489,f3_r813,f5_r1653
1490,f2_r1329,f2_r748
1491,f3_r1699,f5_r972
1492,f5_r190,f2_r34
1493,f5_r955,f4_r99
1494,f5_r438,f5_r266
1495,f5_r433,f4_r515
1496,f5_r409,f4_r139
1497,f2_r1189,f2_r811
1498,f4_r1013,f4_r15
1499,f2_r916,f2_r542
1500,f5_r1544,f4_r230
1501,f3_r992,f3_r806
1502,f2_r1222,f4_r760
1503,f5_r607,f4_r1387
1504,f3_r337,f3_r1475
1505,f2_r446,f5_r803
1506,f4_r625,f3_r394
1507,f4_r1384,f2_r1458
1508,f2_r998,f4_r505
1509,f3_r186,f4_r221
1510,f5_r1034,f4_r151
1511,f4_r779,f5_r550
1512,f5_r774,f4_r1599
1513,f2_r581,f4_r121
1514,f2_r23,f3_r1408
1515,f3_r1693,f3_r479
1516,f5_r617,f5_r93
1517,f4_r547,f3_r1130
1518,f3_r27,f3_r740
1519,f5_r1576,f4_r1008
1520,f4_r1226,f3_r667
1521,f2_r1199,f4_r1284
1522,f4_r1274,f3_r216
1523,f5_r212,f3_r1103
1524,f3_r455,f2_r1545
1525,f4_r706,f3_r1466
1526,f4_r1025,f5_r570
1527,f3_r1570,f5_r1172
1528,f3_r443,f3_r1659
1529,f2_r867,f2_r1429
1530,f4_r1359,f4_r109
1531,f3_r661,f3_r1362
1532,f3_r548,f3_r564
1533,f5_r106,f5_r850
1534,f2_r9,f5_r1411
1535,f2_r1299,f4_r1420
1536,f2_r103,f3_r436
1537,f5_r1486,f4_r775
1538,f3_r1669,f5_r178
1539,f2_r1690,f5_r260
1540,f3_r1607,f2_r1317
1541,f4_r49,f3_r1039
1542,f2_r971,f5_r1063
1543,f2_r1568,f3_r1591
1544,f2_r666,f5_r1421
1545,f4_r657,f3_r588
1546,f3_r466,f2_r962
1547,f5_r1159,f3_r487
1548,f5_r1382,f5_r10
1549,f3_r651,f4_r1230
1550,f2_r1038,f3_r332
1551,f5_r185,f3_r48
1552,f2_r220,f2_r1506
1553,f4_r1159,f2_r1677
1554,f3_r469,f3_r754
1555,f5_r152,f5_r428
1556,f2_r879,f4_r523
1557,f5_r886,f2_r200
1558,f4_r325,f2_r26
1559,f5_r1700,f2_r149
1560,f5_r1108,f3_r870
1561,f3_r919,f3_r871
1562,f4_r919,f2_r15
1563,f4_r860,f4_r1371
1564,f5_r166,f2_r1112
1565,f5_r227,f5_r1071
1566,f3_r352,f4_r1653
1567,f3_r657,f4_r1001
1568,f2_r1201,f5_r1337
1569,f3_r861,f5_r1181
1570,f5_r641,f3_r534
1571,f2_r1396,f2_r1362
1572,f5_r1491,f5_r609
1573,f3_r1407,f3_r1036
1574,f3_r1663,f3_r1429
1575,f2_r331,f4_r592
1576,f4_r93,f5_r1078
1577,f3_r226,f4_r1489
1578,f2_r1469,f2_r134
1579,f3_r923,f2_r463
1580,f2_r936,f3_r707
1581,f2_r784,f4_r1439
1582,f3_r1084,f4_r721
1583,f5_r844,f3_r202
1584,f2_r1280,f4_r704
1585,f5_r807,f5_r454
1586,f3_r771,f4_r1309
1587,f5_r9,f3_r1198
1588,f3_r1645,f5_r1555
1589,f3_r480,f4_r450
1590,f4_r1679,f4_r535
1591,f5_r1380,f3_r1237
1592,f5_r1392,f2_r1679
1593,f4_r1695,f3_r971
1594,f5_r129,f2_r1610
1595,f2_r1556,f2_r160
1596,f3_r256,f2_r689
1597,f2_r928,f2_r1000
1598,f3_r452,f2_r1147
1599,f3_r1098,f2_r900
1600,f5_r558,f4_r732
1601,f5_r1352,f2_r712
1602,f3_r1545,f4_r801
1603,f2_r684,f5_r1218
1604,f2_r778,f2_r554
1605,f4_r327,f3_r1515
1606,f3_r368,f4_r717
1607,f2_r1652,f3_r549
1608,f4_r443,f4_r182
1609,f5_r991,f4_r1360
1610,f4_r564,f5_r1055
1611,f2_r1639,f3_r254
1612,f2_r1081,f5_r1167
1613,f5_r687,f3_r586
1614,f3_r171,f5_r547
1615,f4_r1030,f4_r1281
1616,f5_r1026,f2_r1118
1617,f5_r1659,f3_r1361
1618,f5_r135,f3_r889
1619,f4_r924,f3_r1324
1620,f5_r320,f2_r844
1621,f2_r711,f5_r1565
1622,f2_r1619,f5_r1374
1623,f4_r276,f2_r1295
1624,f2_r1136,f2_r397
1625,f5_r1612,f5_r318
1626,f2_r1403,f4_r480
1627,f4_r981,f5_r1542
1628,f2_r1316,f4_r1538
1629,f2_r1531,f2_r852
1630,f3_r1358,f4_r727
1631,f2_r724,f2_r981
1632,f2_r96,f3_r1675
1633,f4_r828,f5_r1226
1634,f4_r1615,f3_r1342
1635,f2_r1202,f4_r1125
1636,f3_r568,f2_r440
1637,f2_r342,f5_r58
1638,f5_r673,f2_r1021
1639,f3_r110,f3_r457
1640,f5_r37,f2_r565
1641,f5_r49,f3_r634
1642,f3_r1071,f3_r855
1643,f3_r922,f3_r1384
1644,f5_r543,f2_r1238
1645,f4_r175,f5_r847
1646,f4_r996,f3_r1343
1647,f5_r32,f5_r965
1648,f3_r819,f3_r1619
1649,f4_r882,f3_r1183
1650,f2_r348,f3_r1300
1651,f2_r732,f3_r672
1652,f3_r1033,f4_r447
1653,f4_r687,f4_r343
1654,f5_r480,f4_r1029
1655,f3_r1328,f3_r1011
1656,f4_r1099,f4_r511
1657,f5_r1082,f4_r958
1658,f4_r498,f5_r659
1659,f5_r1575,f2_r487
1660,f2_r703,f4_r914
1661,f2_r868,f4_r94
1662,f4_r923,f3_r1614
1663,f3_r1247,f5_r939
1664,f4_r126,f3_r234
1665,f2_r281,f3_r1335
1666,f4_r318,f4_r1590
1667,f3_r652,f3_r961
1668,f5_r124,f4_r400
1669,f5_r900,f3_r511
1670,f4_r129,f3_r528
1671,f5_r554,f4_r1426
1672,f5_r1261,f3_r175
1673,f3_r227,f4_r1427
1674,f2_r476,f3_r976
1675,f2_r676,f4_r656
1676,f4_r385,f3_r558
1677,f2_r1667,f4_r853
1678,f3_r1002,f4_r756
1679,f2_r1604,f5_r448
1680,f5_r451,f3_r708
1681,f3_r1513,f2_r1292
1682,f3_r573,f3_r1354
1683,f5_r283,f3_r478
1684,f3_r131,f4_r1547
1685,f2_r369,f4_r591
1686,f5_r1511,f4_r1011
1687,f4_r1437,f2_r702
1688,f5_r395,f2_r1588
1689,f2_r549,f2_r1032
1690,f3_r1528,f2_r850
1691,f2_r57,f4_r387
1692,f5_r168,f4_r1680
1693,f5_r797,f5_r949
1694,f2_r1243,f4_r199
1695,f2_r1563,f5_r821
1696,f2_r511,f5_r622
1697,f5_r1557,f3_r374
1698,f3_r139,f5_r977
1699,f2_r947,f4_r427
1700,f3_r255,f2_r306
1701,f4_r969,f2_r505
1702,f4_r1122,f2_r804
1703,f2_r560,f3_r472
1704,f3_r802,f4_r803
1705,f5_r743,f3_r896
1706,f4_r442,f3_r1471
1707,f3_r597,f3_r580
1708,f4_r1484,f2_r40
1709,f2_r1415,f3_r1045
1710,f2_r1215,f2_r1140
1711,f4_r108,f2_r698
1712,f4_r1372,f3_r420
1713,f3_r268,f2_r598
1714,f4_r391,f2_r239
1715,f4_r731,f5_r804
1716,f2_r674,f2_r1153
1717,f4_r444,f5_r1619
1718,f2_r1537,f5_r1693
1719,f5_r624,f5_r361
1720,f2_r81,f4_r1196
1721,f4_r278,f2_r1337
1722,f5_r54,f3_r1352
1723,f5_r770,f3_r462
1724,f5_r597,f5_r1289
1725,f5_r1537,f5_r778
1726,f2_r1353,f2_r1001
1727,f5_r989,f2_r1363
1728,f2_r1398,f5_r918
1729,f4_r92,f5_r292
1730,f2_r45,f5_r306
1731,f3_r1205,f5_r30
1732,f5_r1158,f4_r1118
1733,f3_r60,f3_r157
1734,f4_r1554,f2_r1086
1735,f4_r429,f4_r577
1736,f4_r59,f4_r1283
1737,f2_r1488,f3_r209
1738,f5_r217,f4_r1211
1739,f2_r965,f3_r103
1740,f4_r1587,f4_r225
1741,f2_r969,f5_r888
1742,f2_r215,f5_r1538
1743,f3_r444,f3_r903
1744,f2_r502,f3_r554
1745,f4_r1639,f2_r1640
1746,f5_r1080,f2_r125
1747,f2_r1499,f4_r1249
1748,f4_r1121,f4_r746
1749,f5_r56,f5_r99
1750,f2_r503,f4_r529
1751,f3_r715,f2_r1071
1752,f3_r1316,f4_r1151
1753,f3_r312,f5_r1074
1754,f4_r1249,f3_r1197
1755,f2_r931,f3_r18
1756,f4_r244,f3_r499
1757,f3_r1115,f4_r442
1758,f4_r601,f3_r1059
1759,f3_r1365,f3_r1278
1760,f3_r1016,f3_r1518
1761,f4_r1358,f2_r493
1762,f3_r1595,f5_r1301
1763,f4_r1597,f4_r1227
1764,f5_r1092,f2_r1220
1765,f4_r50,f3_r570
1766,f3_r262,f5_r1504
1767,f3_r1350,f4_r823
1768,f4_r1382,f2_r1215
1769,f3_r1243,f5_r641
1770,f2_r1577,f5_r65
1771,f3_r857,f3_r451
1772,f5_r830,f2_r1149
1773,f2_r1630,f5_r217
1774,f5_r345,f5_r367
1775,f2_r379,f3_r130
1776,f3_r1449,f2_r401
1777,f3_r810,f3_r1595
1778,f3_r424,f2_r829
1779,f3_r967,f2_r1483
1780,f3_r1505,f4_r378
1781,f2_r1132,f3_r168
1782,f4_r103,f2_r701
1783,f2_r604,f4_r93
1784,f3_r1560,f2_r831
1785,f4_r1305,f2_r295
1786,f3_r495,f2_r1373
1787,f2_r1475,f2_r14
1788,f4_r1250,f2_r642
1789,f5_r943,f5_r158
1790,f5_r1184,f4_r1036
1791,f5_r1574,f5_r901
1792,f5_r118,f4_r1030
1793,f3_r375,f5_r246
1794,f4_r1355,f3_r1669
1795,f3_r1453,f2_r375
1796,f5_r1153,f5_r652
1797,f2_r1525,f2_r175
1798,f2_r249,f3_r925
1799,f5_r50,f5_r490
1800,f5_r915,f5_r961
1801,f2_r1494,f5_r1262
1802,f2_r318,f4_r1436
1803,f5_r1247,f4_r1615
1804,f3_r970,f4_r1203
1805,f3_r671,f5_r1517
1806,f5_r362,f5_r321
1807,f4_r1595,f3_r705
1808,f5_r665,f3_r1269
1809,f2_r411,f2_r1115
1810,f4_r906,f3_r1350
1811,f2_r1642,f3_r301
1812,f5_r99,f2_r1042
1813,f4_r1499,f5_r508
1814,f3_r318,f3_r53
1815,f2_r551,f4_r1348
1816,f4_r1368,f5_r1520
1817,f5_r961,f3_r1560
1818,f2_r746,f2_r182
1819,f2_r189,f4_r1080
1820,f5_r1018,f3_r1146
1821,f4_r504,f3_r343
1822,f3_r553,f5_r368
1823,f5_r594,f5_r451
1824,f3_r392,f2_r152
1825,f5_r465,f2_r636
1826,f4_r150,f5_r403
1827,f2_r1666,f5_r937
1828,f5_r700,f4_r358
1829,f4_r943,f3_r1177
1830,f2_r1546,f5_r742
1831,f3_r1469,f5_r215
1832,f2_r324,f5_r345
1833,f2_r738,f3_r1575
1834,f2_r1437,f2_r1558
1835,f5_r555,f3_r100
1836,f2_r374,f5_r1652
1837,f2_r1158,f3_r967
1838,f4_r1128,f2_r363
1839,f4_r714,f5_r624
1840,f2_r48,f4_r88
1841,f4_r366,f4_r1509
1842,f2_r305,f5_r638
1843,f3_r177,f2_r1282
1844,f3_r1421,f3_r1360
1845,f2_r430,f4_r1674
1846,f2_r1082,f5_r80
1847,f3_r1501,f5_r472
1848,f4_r1533,f3_r97
1849,f5_r756,f4_r1082
1850,f4_r162,f3_r1554
1851,f2_r677,f2_r724
1852,f5_r698,f2_r996
1853,f5_r1229,f2_r529
1854,f4_r405,f4_r824
1855,f3_r935,f5_r646
1856,f3_r934,f3_r1608
1857,f4_r541,f4_r943
1858,f4_r566,f2_r390
1859,f4_r829,f4_r1314
1860,f2_r1454,f3_r1125
1861,f2_r652,f4_r301
1862,f5_r1117,f2_r321
1863,f5_r817,f4_r971
1864,f2_r743,f3_r161
1865,f4_r842,f3_r1502
1866,f5_r1222,f2_r1080
1867,f3_r1333,f4_r303
1868,f5_r1059,f3_r1401
1869,f5_r363,f5_r559
1870,f2_r586,f3_r1585
1871,f5_r823,f5_r200
1872,f2_r63,f2_r123
1873,f3_r737,f4_r1492
1874,f5_r942,f4_r1171
1875,f3_r1618,f2_r347
1876,f3_r997,f5_r576
1877,f3_r1066,f4_r1659
1878,f4_r837,f4_r1354
1879,f2_r1548,f4_r1214
1880,f2_r517,f2_r722
1881,f5_r1322,f5_r138
1882,f3_r1152,f2_r99
1883,f5_r27,f2_r798
1884,f4_r117,f4_r1122
1885,f3_r1517,f4_r314
1886,f2_r1211,f2_r655
1887,f5_r1477,f2_r1082
1888,f5_r134,f3_r1010
1889,f2_r109,f2_r998
1890,f2_r536,f2_r41
1891,f5_r455,f3_r802
1892,f4_r370,f3_r235
1893,f4_r226,f3_r415
1894,f2_r1389,f5_r1004
1895,f4_r1293,f3_r1695
1896,f4_r1180,f4_r964
1897,f2_r135,f4_r827
1898,f3_r1289,f2_r687
1899,f5_r45,f5_r1131
1900,f3_r554,f4_r1699
1901,f5_r1298,f3_r1623
1902,f4_r1603,f5_r438
1903,f3_r13,f5_r900
1904,f5_r1204,f4_r280
1905,f2_r1629,f3_r1607
1906,f4_r435,f2_r425
1907,f4_r948,f5_r413
1908,f4_r1596,f3_r628
1909,f4_r19,f5_r401
1910,f5_r1604,f4_r295
1911,f3_r233,f3_r604
1912,f5_r912,f2_r1245
1913,f4_r1143,f3_r35
1914,f4_r1207,f3_r1221
1915,f4_r79,f2_r1060
1916,f5_r1259,f3_r342
1917,f3_r1288,f4_r108
1918,f4_r76,f5_r1149
1919,f2_r271,f4_r1416
1920,f3_r1046,f5_r536
1921,f2_r85,f4_r1589
1922,f5_r367,f5_r1325
1923,f4_r297,f5_r1554
1924,f5_r1255,f3_r1184
1925,f5_r439,f4_r297
1926,f3_r1554,f2_r341
1927,f2_r186,f5_r1183
1928,f2_r384,f3_r1683
1929,f5_r1589,f5_r264
1930,f2_r582,f3_r93
1931,f2_r841,f2_r623
1932,f4_r816,f4_r1503
1933,f5_r801,f5_r89
1934,f5_r215,f3_r917
1935,f5_r478,f4_r391
1936,f4_r378,f4_r941
1937,f3_r440,f2_r1344
1938,f5_r1418,f2_r1542
1939,f4_r971,f4_r313
1940,f4_r412,f4_r997
1941,f5_r1242,f5_r1222
1942,f3_r163,f5_r268
1943,f5_r312,f5_r521
1944,f3_r459,f5_r1604
1945,f5_r218,f3_r1093
1946,f5_r278,f3_r94
1947,f5_r1114,f4_r1668
1948,f4_r1298,f3_r1273
1949,f4_r219,f3_r1487
1950,f2_r352,f5_r224
1951,f5_r368,f2_r1195
1952,f3_r867,f2_r1515
1953,f2_r855,f2_r659
1954,f5_r226,f2_r1126
1955,f5_r1254,f3_r1215
1956,f3_r1184,f4_r1013
1957,f4_r1215,f2_r42
1958,f2_r721,f5_r1383
1959,f2_r846,f4_r1158
1960,f2_r1194,f4_r1552
1961,f2_r207,f2_r666
1962,f4_r268,f4_r1266
1963,f4_r1243,f2_r455
1964,f5_r11,f5_r774
1965,f2_r2,f5_r538
1966,f4_r1491,f2_r1156
1967,f5_r775,f3_r468
1968,f2_r1542,f4_r628
1969,f5_r346,f5_r192
1970,f2_r835,f3_r713
1971,f3_r156,f5_r1562
1972,f5_r1586,f4_r398
1973,f4_r586,f3_r8
1974,f3_r1255,f3_r329
1975,f4_r4,f3_r1333
1976,f3_r1680,f5_r1079
1977,f4_r418,f5_r1692
1978,f4_r1363,f2_r1548
1979,f4_r1056,f4_r257
1980,f2_r1037,f2_r848
1981,f3_r1580,f4_r253
1982,f2_r1089,f4_r16
1983,f4_r778,f4_r474
1984,f5_r1033,f2_r1651
1985,f5_r199,f4_r816
1986,f2_r123,f5_r57
1987,f5_r615,f2_r695
1988,f3_r183,f4_r569
1989,f5_r1236,f4_r1368
1990,f3_r1628,f4_r743
1991,f4_r753,f3_r1205
1992,f4_r1412,f4_r162
1993,f2_r253,f3_r375
1994,f3_r293,f2_r536
1995,f5_r246,f4_r1516
1996,f3_r367,f2_r1384
1997,f2_r1220,f4_r630
1998,f2_r1640,f3_r1255
1999,f5_r1651,f4_r938
2000,f2_r1620,f3_r651
2001,f3_r196,f5_r465
2002,f4_r1367,f4_r122
2003,f3_r1022,f3_r767
2004,f5_r1695,f2_r995
2005,f4_r503,f3_r539
2006,f3_r1360,f3_r1421
2007,f5_r1208,f4_r205
2008,f4_r1674,f5_r920
2009,f2_r175,f3_r1337
2010,f3_r1557,f2_r449
2011,f2_r1358,f3_r1314
2012,f3_r796,f2_r45
2013,f4_r1337,f3_r419
2014,f2_r655,f2_r1666
2015,f5_r952,f3_r344
2016,f4_r585,f4_r657
2017,f4_r1354,f2_r896
2018,f5_r588,f4_r890
2019,f3_r1023,f2_r189
2020,f3_r570,f4_r1130
2021,f5_r1637,f3_r61
2022,f5_r876,f4_r930
2023,f4_r729,f3_r1021
2024,f3_r981,f5_r1300
2025,f2_r1509,f2_r1286
2026,f4_r739,f5_r1265
2027,f2_r1606,f2_r1577
2028,f3_r844,f4_r160
2029,f4_r846,f3_r1248
2030,f2_r122,f5_r865
2031,f4_r1623,f4_r1482
2032,f3_r383,f5_r874
2033,f2_r832,f2_r857
2034,f4_r857,f4_r1386
2035,f4_r1611,f3_r699
2036,f4_r890,f5_r70
2037,f5_r761,f2_r1690
2038,f2_r1221,f3_r810
2039,f4_r982,f5_r858
2040,f2_r709,f4_r1694
2041,f5_r471,f5_r437
2042,f3_r191,f3_r1249
2043,f4_r946,f2_r127
2044,f5_r150,f4_r558
2045,f2_r753,f2_r1310
2046,f2_r1278,f5_r196
2047,f3_r1041,f5_r320
2048,f4_r761,f5_r372
2049,f3_r434,f3_r1461
2050,f4_r40,f2_r79
2051,f5_r944,f3_r197
2052,f3_r247,f3_r1663
2053,f2_r871,f4_r830
2054,f3_r942,f2_r219
2055,f5_r1227,f4_r1382
2056,f3_r1107,f3_r678
2057,f2_r1536,f5_r1478
2058,f4_r596,f4_r738
2059,f3_r1602,f5_r1572
2060,f3_r608,f3_r1067
2061,f5_r224,f2_r265
2062,f4_r60,f3_r290
2063,f2_r1541,f3_r480
2064,f3_r1575,f4_r1535
2065,f3_r517,f5_r938
2066,f5_r525,f2_r54
2067,f3_r1085,f4_r1043
2068,f4_r1549,f5_r1491
2069,f3_r390,f4_r1202
2070,f4_r1569,f3_r371
2071,f5_r59,f2_r488
2072,f5_r684,f5_r650
2073,f3_r1261,f2_r452
2074,f3_r1338,f3_r1110
2075,f3_r618,f5_r1433
2076,f2_r302,f3_r1085
2077,f2_r529,f2_r1040
2078,f4_r1114,f3_r1328
2079,f3_r1192,f5_r661
2080,f5_r1482,f3_r1579
2081,f5_r508,f2_r868
2082,f5_r1183,f4_r349
2083,f3_r674,f4_r35
2084,f5_r1131,f3_r671
2085,f3_r1651,f5_r1470
2086,f4_r439,f2_r876
2087,f2_r1374,f2_r607
2088,f3_r606,f5_r1442
2089,f4_r529,f4_r969
2090,f3_r164,f5_r1184
2091,f3_r905,f4_r1045
2092,f2_r176,f2_r1497
2093,f4_r663,f4_r481
2094,f3_r395,f3_r599
2095,f4_r367,f2_r1556
2096,f2_r497,f2_r82
2097,f2_r151,f5_r834
2098,f5_r1002,f5_r698
2099,f2_r1521,f2_r799
2100,f3_r767,f2_r644
2101,f3_r764,f4_r1414
2102,f3_r920,f2_r296
2103,f2_r1407,f3_r777
2104,f2_r1149,f2_r1258
2105,f5_r1031,f3_r544
2106,f4_r1535,f4_r436
2107,f4_r436,f3_r1693
2108,f3_r1573,f5_r324
2109,f3_r1278,f5_r134
2110,f2_r425,f5_r756
2111,f4_r300,f3_r81
2112,f5_r196,f3_r15
2113,f3_r947,f4_r797
2114,f3_r122,f4_r647
2115,f2_r1643,f2_r711
2116,f4_r1581,f4_r1298
2117,f4_r212,f5_r394
2118,f5_r107,f3_r1296
2119,f2_r1286,f3_r610
2120,f3_r138,f2_r928
2121,f5_r958,f3_r1108
2122,f5_r976,f4_r731
2123,f5_r1121,f5_r1634
2124,f5_r1193,f3_r904
2125,f2_r1628,f2_r753
2126,f3_r344,f4_r471
2127,f3_r1666,f4_r1025
2128,f4_r1522,f5_r1596
2129,f5_r183,f3_r737
2130,f4_r1563,f3_r714
2131,f5_r539,f4_r1695
2132,f3_r301,f4_r521
2133,f3_r550,f3_r568
2134,f3_r51,f4_r754
2135,f2_r1198,f2_r117
2136,f3_r1283,f2_r151
2137,f2_r74,f2_r214
2138,f5_r521,f2_r276
2139,f5_r1022,f2_r438
2140,f4_r1253,f4_r42
2141,f2_r1409,f4_r679
2142,f4_r62,f2_r281
2143,f2_r926,f2_r965
2144,f3_r73,f2_r62
2145,f3_r473,f2_r126
2146,f2_r829,f5_r185
2147,f4_r322,f3_r920
2148,f5_r117,f3_r526
2149,f4_r1584,f5_r860
2150,f4_r824,f2_r137
2151,f3_r697,f4_r996
2152,f2_r452,f3_r1261
2153,f5_r1377,f2_r236
2154,f5_r298,f3_r1066
2155,f4_r536,f2_r906
2156,f2_r152,f2_r1437
2157,f5_r983,f2_r1671
2158,f2_r31,f2_r1694
2159,f5_r1572,f5_r892
2160,f2_r949,f2_r907
2161,f5_r1126,f2_r681
2162,f4_r655,f3_r1239
2163,f2_r1042,f4_r817
2164,f5_r538,f5_r597
2165,f3_r1336,f5_r1208
2166,f3_r859,f2_r442
2167,f2_r1641,f4_r850
2168,f3_r317,f4_r1502
2169,f4_r346,f3_r1238
2170,f3_r104,f2_r1409
2171,f3_r63,f3_r349
2172,f3_r292,f2_r280
2173,f4_r335,f5_r824
2174,f4_r1478,f2_r909
2175,f2_r1512,f3_r177
2176,f2_r972,f3_r504
2177,f2_r141,f3_r174
2178,f5_r1101,f2_r763
2179,f4_r160,f4_r1553
2180,f4_r660,f5_r244
2181,f5_r416,f4_r1105
2182,f4_r1552,f2_r1369
2183,f3_r1141,f3_r1640
2184,f4_r1171,f4_r650
2185,f5_r1160,f4_r110
2186,f3_r421,f3_r715
2187,f3_r218,f4_r65
2188,f4_r356,f5_r897
2189,f2_r382,f2_r216
2190,f4_r172,f2_r649
2191,f3_r916,f3_r1699
2192,f4_r681,f5_r600
2193,f4_r110,f2_r1525
2194,f4_r1294,f5_r1621
2195,f3_r415,f2_r1023
2196,f4_r1045,f3_r1404
2197,f5_r1622,f2_r188
2198,f3_r664,f4_r316
2199,f3_r1020,f2_r916
2200,f2_r874,f4_r1247
2201,f2_r1146,f4_r974
2202,f4_r1628,f4_r846
2203,f3_r159,f4_r72
2204,f2_r708,f3_r196
2205,f5_r1403,f5_r409
2206,f3_r951,f2_r318
2207,f5_r268,f4_r1166
2208,f2_r1654,f5_r806
2209,f5_r1185,f2_r652
2210,f2_r1045,f5_r1506
2211,f4_r1565,f2_r190
2212,f2_r619,f4_r1163
2213,f3_r56,f3_r289
2214,f5_r1562,f2_r653
2215,f5_r914,f5_r44
2216,f3_r1433,f2_r1488
2217,f2_r1468,f3_r383
2218,f5_r230,f5_r1157
2219,f3_r430,f3_r1247
2220,f3_r1576,f5_r1223
2221,f4_r972,f2_r252
2222,f2_r599,f2_r1026
2223,f2_r739,f4_r115
2224,f3_r1221,f3_r606
2225,f2_r1646,f2_r1543
2226,f4_r1525,f2_r949
2227,f2_r1054,f3_r268
2228,f2_r1080,f5_r118
2229,f2_r1435,f2_r871
2230,f5_r1585,f2_r513
2231,f2_r234,f4_r1253
2232,f5_r875,f5_r1358
2233,f4_r521,f4_r1093
2234,f4_r104,f5_r705
2235,f5_r516,f2_r285
2236,f3_r1479,f2_r1410
2237,f2_r434,f4_r370
2238,f3_r1404,f4_r874
2239,f5_r344,f3_r1276
2240,f4_r1577,f2_r497
2241,f5_r1251,f5_r887
2242,f2_r226,f5_r181
2243,f3_r616,f5_r875
2244,f2_r150,f2_r240
2245,f3_r1100,f3_r76
2246,f2_r1660,f4_r1246
2247,f4_r733,f2_r102
2248,f4_r1428,f3_r842
2249,f5_r660,f2_r1085
2250,f5_r1569,f3_r677
2251,f5_r544,f2_r1081
2252,f4_r1572,f3_r501
2253,f4_r205,f4_r477
2254,f3_r1267,f3_r45
2255,f4_r1509,f3_r311
2256,f4_r1214,f4_r478
2257,f4_r1130,f5_r483
2258,f5_r537,f4_r503
2259,f4_r1574,f4_r193
2260,f4_r838,f4_r323
2261,f4_r608,f4_r1042
2262,f2_r316,f5_r352
2263,f4_r954,f3_r223
2264,f3_r1621,f5_r1640
2265,f4_r1616,f5_r748
2266,f2_r120,f5_r1159
2267,f2_r1422,f3_r1666
2268,f5_r909,f4_r594
2269,f5_r998,f3_r944
2270,f4_r631,f5_r721
2271,f4_r1060,f4_r1005
2272,f2_r1343,f2_r853
2273,f2_r481,f5_r1509
2274,f2_r401,f2_r937
2275,f5_r1598,f5_r49
2276,f5_r858,f3_r1570
2277,f5_r1512,f2_r1063
2278,f2_r1300,f5_r115
2279,f2_r1187,f5_r835
2280,f5_r1361,f5_r1533
2281,f5_r1223,f4_r1398
2282,f4_r1190,f2_r1422
2283,f3_r1485,f5_r1070
2284,f5_r1042,f2_r778
2285,f2_r209,f5_r1186
2286,f5_r1439,f2_r1697
2287,f4_r295,f3_r892
2288,f3_r1177,f4_r790
2289,f3_r544,f4_r942
2290,f5_r835,f3_r1063
2291,f5_r528,f2_r53
2292,f4_r1107,f3_r1618
2293,f2_r202,f3_r1100
2294,f5_r635,f3_r1046
2295,f5_r992,f4_r1086
2296,f4_r1575,f3_r1071
2297,f4_r1161,f4_r1537
2298,f5_r1391,f4_r443
2299,f2_r157,f3_r1426
2300,f2_r613,f2_r1568
2301,f2_r232,f3_r635
2302,f4_r329,f4_r1543
2303,f3_r890,f4_r1014
2304,f4_r517,f2_r583
2305,f4_r650,f4_r92
2306,f4_r171,f3_r303
2307,f4_r1333,f5_r1688
2308,f2_r25,f5_r558
2309,f5_r1134,f2_r1662
2310,f2_r996,f2_r1639
2311,f5_r4,f2_r87
2312,f5_r356,f5_r807
2313,f4_r944,f2_r502
2314,f3_r897,f4_r1185
2315,f3_r1483,f3_r1530
2316,f5_r389,f2_r608
2317,f4_r527,f4_r461
2318,f2_r590,f3_r1359
2319,f3_r626,f2_r254
2320,f5_r90,f5_r702
2321,f3_r894,f3_r200
2322,f3_r199,f5_r226
2323,f2_r1008,f4_r921
2324,f2_r1247,f4_r1563
2325,f3_r4,f5_r83
2326,f3_r69,f3_r695
2327,f2_r1413,f5_r830
2328,f4_r1401,f2_r1547
2329,f4_r746,f2_r777
2330,f4_r1356,f2_r1114
2331,f3_r365,f3_r1571
2332,f3_r789,f5_r1213
2333,f3_r1467,f5_r1579
2334,f2_r794,f5_r1492
2335,f5_r264,f2_r1469
2336,f4_r1149,f5_r1220
2337,f5_r731,f3_r1451
2338,f4_r321,f4_r1546
2339,f2_r1581,f2_r969
2340,f4_r708,f3_r1417
2341,f5_r394,f4_r988
2342,f2_r640,f2_r591
2343,f4_r855,f2_r1404
2344,f5_r33,f3_r1682
2345,f2_r1049,f5_r790
2346,f2_r806,f5_r1439
2347,f4_r628,f3_r1538
2348,f3_r116,f5_r912
2349,f5_r1025,f3_r659
2350,f2_r1212,f2_r406
2351,f4_r410,f4_r175
2352,f3_r1196,f3_r1628
2353,f2_r115,f5_r288
2354,f4_r416,f3_r191
2355,f3_r358,f4_r972
2356,f4_r936,f3_r1213
2357,f4_r804,f4_r701
2358,f4_r508,f4_r889
2359,f5_r44,f2_r785
2360,f5_r486,f2_r548
2361,f2_r435,f2_r1682
2362,f2_r254,f3_r365
2363,f3_r1382,f5_r400
2364,f2_r1172,f4_r596
2365,f5_r1688,f2_r1508
2366,f2_r668,f4_r920
2367,f3_r174,f3_r358
2368,f4_r1158,f3_r1573
2369,f5_r793,f5_r787
2370,f3_r1563,f3_r1365
2371,f2_r816,f5_r511
2372,f3_r75,f3_r857
2373,f3_r690,f5_r1194
2374,f5_r167,f5_r190
2375,f3_r1063,f4_r405
2376,f2_r1496,f4_r1152
2377,f2_r1283,f4_r1423
2378,f4_r468,f3_r1166
2379,f2_r1648,f2_r1298
2380,f4_r1046,f2_r364
2381,f3_r1695,f5_r1415
2382,f4_r1086,f4_r1565
2383,f2_r779,f2_r677
2384,f5_r1520,f5_r1622
2385,f5_r483,f2_r1031
2386,f3_r963,f4_r1595
2387,f5_r158,f2_r1322
2388,f4_r1436,f2_r638
2389,f3_r270,f2_r762
2390,f3_r907,f2_r1600
2391,f4_r979,f3_r128
2392,f4_r781,f5_r735
2393,f4_r1400,f5_r1082
2394,f5_r1577,f4_r1024
2395,f2_r146,f2_r1495
2396,f2_r289,f2_r855
2397,f2_r390,f4_r651
2398,f4_r30,f4_r1299
2399,f3_r88,f2_r739
2400,f3_r1197,f2_r846
2401,f4_r491,f5_r1493
2402,f4_r298,f3_r900
2403,f5_r781,f5_r944
2404,f4_r101,f4_r613
2405,f4_r51,f4_r1499
2406,f2_r1126,f5_r433
2407,f2_r727,f2_r919
2408,f2_r518,f2_r1686
2409,f3_r1173,f2_r1243
2410,f2_r1658,f5_r761
2411,f3_r812,f4_r543
2412,f2_r364,f2_r1403
2413,f4_r1042,f3_r869
2414,f2_r1591,f2_r796
2415,f4_r1481,f2_r1604
2416,f3_r676,f4_r807
2417,f3_r1623,f3_r771
2418,f2_r763,f4_r385
2419,f2_r741,f2_r676
2420,f3_r1451,f5_r1139
2421,f3_r28,f4_r489
2422,f3_r200,f4_r1689
2423,f2_r638,f4_r845
2424,f3_r289,f4_r1450
2425,f3_r147,f2_r910
2426,f2_r1623,f2_r142
2427,f5_r1087,f3_r763
2428,f5_r1410,f5_r520
2429,f3_r85,f4_r669
2430,f5_r1145,f3_r859
2431,f2_r315,f4_r1180
2432,f5_r1385,f3_r995
2433,f2_r1344,f5_r1586
2434,f4_r768,f5_r1327
2435,f4_r532,f4_r40
2436,f3_r720,f5_r1189
2437,f5_r123,f5_r1405
2438,f5_r138,f2_r1623
2439,f5_r1538,f5_r146
2440,f3_r713,f5_r1002
2441,f4_r1279,f4_r1215
2442,f2_r329,f3_r1407
2443,f5_r1444,f2_r1039
2444,f5_r812,f5_r1511
2445,f5_r1674,f4_r350
2446,f4_r1036,f5_r552
2447,f3_r917,f3_r1544
2448,f3_r57,f2_r1261
2449,f2_r1400,f4_r322
2450,f4_r1066,f4_r150
2451,f2_r906,f5_r1215
2452,f4_r1477,f2_r139
2453,f2_r910,f3_r963
2454,f3_r1366,f2_r458
2455,f5_r536,f3_r1645
2456,f2_r789,f3_r652
2457,f3_r1067,f2_r968
2458,f2_r884,f2_r1045
2459,f4_r174,f3_r1459
2460,f5_r1351,f2_r335
2461,f3_r984,f5_r1228
2462,f3_r1371,f4_r606
2463,f2_r952,f2_r582
2464,,f4_r1033
2465,,f3_r410
2466,,f5_r1360
2467,,f4_r498
2468,,f3_r861
2469,,f4_r1146
2470,,f4_r1603
2471,,f2_r144
2472,,f2_r1003
2473,,f3_r690
2474,,f2_r670
2475,,f3_r1505
2476,,f4_r1618
2477,,f2_r1223
2478,,f2_r202
2479,,f3_r867
2480,,f4_r636
2481,,f2_r36
2482,,f2_r658
2483,,f3_r683
2484,,f4_r325
2485,,f5_r617
2486,,f5_r1117
2487,,f5_r636
2488,,f4_r51
2489,,f4_r810
2490,,f4_r298
2491,,f4_r1239
2492,,f3_r1545
2493,,f5_r59
2494,,f3_r997
2495,,f3_r1602
2496,,f2_r577
2497,,f4_r919
2498,,f5_r833
2499,,f2_r435
2500,,f4_r714
2501,,f2_r1329
2502,,f4_r19
2503,,f2_r366
2504,,f4_r1685
2505,,f4_r856
2506,,f5_r854
2507,,f3_r935
2508,,f3_r27
2509,,f4_r648
2510,,f5_r992
2511,,f3_r4
2512,,f5_r304
2513,,f3_r720
2514,,f2_r789
2515,,f4_r1124
2516,,f4_r1282
2517,,f2_r423
2518,,f3_r873
2519,,f2_r784
2520,,f2_r437
2521,,f2_r674
2522,,f3_r951
2523,,f2_r952
2524,,f4_r1274
2525,,f4_r864
2526,,f5_r740
2527,,f4_r517
2528,,f3_r1651
2529,,f4_r1476
2530,,f4_r828
2531,,f3_r1181
2532,,f4_r1453
2533,,f2_r93
2534,,f5_r253
2535,,f2_r729
2536,,f2_r1494
2537,,f4_r62
2538,,f2_r1280
2539,,f4_r542
2540,,f2_r522
2541,,f4_r179
2542,,f3_r1259
2543,,f2_r1517
2544,,f3_r495
2545,,f4_r1570
2546,,f4_r416
2547,,f2_r46
2548,,f3_r85
2549,,f3_r1044
2550,,f3_r199
2551,,f5_r1216
2552,,f3_r92
2553,,f5_r673
2554,,f3_r460
2555,,f4_r276
2556,,f4_r1121
2557,,f4_r356
2558,,f5_r710
2559,,f2_r1633
2560,,f3_r942
2561,,f3_r697
2562,,f4_r507
2563,,f5_r1425
2564,,f4_r1401
2565,,f4_r50
2566,,f5_r1240
2567,,f3_r1289
2568,,f2_r1293
2569,,f4_r585
2570,,f4_r663
2571,,f5_r1309
2572,,f4_r1612
2573,,f3_r1105
2574,,f2_r31
2575,,f5_r1031
2576,,f4_r1243
2577,,f3_r674
2578,,f3_r9
2579,,f5_r848
2580,,f2_r740
2581,,f2_r842
2582,,f5_r1382
2583,,f3_r484
2584,,f2_r433
2585,,f3_r828
2586,,f5_r823
2587,,f4_r412
2588,,f5_r1515
2589,,f5_r123
2590,,f4_r789
2591,,f5_r976
2592,,f5_r1576
2593,,f5_r1670
2594,,f4_r951
2595,,f3_r1192
2596,,f2_r382
2597,,f4_r878
2598,,f4_r982
2599,,f2_r879
2600,,f3_r1428
2601,,f3_r390
2602,,f4_r49
2603,,f5_r1543
2604,,f4_r571
2605,,f3_r709
2606,,f2_r972
2607,,f5_r560
2608,,f3_r1499
2609,,f5_r374
2610,,f5_r1482
2611,,f4_r237
2612,,f2_r628
2613,,f5_r1410
2614,,f3_r1155
2615,,f4_r1491
2616,,f2_r101
2617,,f4_r1372
2618,,f2_r1382
2619,,f2_r1179
2620,,f4_r729
2621,,f5_r619
2622,,f2_r1346
2623,,f2_r590
2624,,f4_r148
2625,,f2_r700
2626,,f2_r1692
2627,,f3_r657
2628,,f5_r954
2629,,f3_r781
2630,,f4_r1587
2631,,f3_r1547
2632,,f4_r508
2633,,f2_r1395
2634,,f3_r416
2635,,f3_r1288
2636,,f5_r513
2637,,f4_r246
2638,,f3_r1336
2639,,f5_r955
2640,,f4_r1384
2641,,f4_r547
2642,,f3_r1453
2643,,f3_r1002
2644,,f5_r1146
2645,,f2_r1152
2646,,f3_r623
2647,,f4_r680
2648,,f2_r226
2649,,f5_r1247
2650,,f3_r163
2651,,f3_r1394
2652,,f5_r1318
2653,,f5_r257
2654,,f2_r1353
2655,,f3_r1528
2656,,f3_r247
2657,,f3_r1563
2658,,f3_r578
2659,,f4_r689
2660,,f3_r434
2661,,f5_r45
2662,,f2_r1445
2663,,f5_r1134
2664,,f5_r781
2665,,f3_r1512
2666,,f3_r145
2667,,f2_r1194
2668,,f3_r1229
2669,,f3_r1629
2670,,f5_r4
2671,,f4_r1679
2672,,f4_r424
2673,,f3_r538
2674,,f2_r186
2675,,f2_r832
2676,,f4_r1219
2677,,f3_r67
2678,,f3_r1427
2679,,f5_r1021
2680,,f5_r276
2681,,f2_r1148
2682,,f4_r229
2683,,f3_r401
2684,,f3_r88
2685,,f4_r1620
2686,,f3_r573
2687,,f3_r155
2688,,f3_r1479
2689,,f5_r1164
2690,,f5_r554
2691,,f3_r898
2692,,f4_r681
2693,,f4_r848
2694,,f2_r63
2695,,f2_r1212
2696,,f5_r528
2697,,f5_r786
2698,,f4_r1012
2699,,f4_r1320
2700,,f2_r198
2701,,f5_r537
2702,,f4_r418
2703,,f5_r1106
2704,,f4_r484
2705,,f2_r115
2706,,f3_r973
2707,,f5_r562
2708,,f3_r648
2709,,f5_r1391
2710,,f2_r381
2711,,f2_r1572
2712,,f5_r325
2713,,f4_r1333
2714,,f2_r324
2715,,f4_r683
2716,,f4_r737
2717,,f4_r491
2718,,f3_r131
2719,,f2_r1168
2720,,f4_r1429
2721,,f4_r1344
2722,,f4_r1085
2723,,f4_r520
2724,,f4_r601
2725,,f3_r486
2726,,f3_r1553
2727,,f5_r212
2728,,f2_r942
2729,,f3_r1283
2730,,f4_r375
2731,,f2_r1590
2732,,f4_r216
2733,,f5_r594
2734,,f5_r468
2735,,f4_r1002
2736,,f3_r1172
2737,,f3_r1599
2738,,f2_r613
2739,,f5_r380
2740,,f2_r86
2741,,f5_r1108
2742,,f3_r937
2743,,f3_r1330
2744,,f5_r591
2745,,f5_r1472
2746,,f3_r661
2747,,f3_r198
2748,,f4_r1664
2749,,f3_r270
2750,,f5_r1246
2751,,f4_r1584
2752,,f5_r1307
2753,,f3_r1382
2754,,f2_r1441
2755,,f3_r1409
2756,,f4_r278
2757,,f5_r1045
2758,,f5_r15
2759,,f3_r1635
2760,,f3_r95
2761,,f5_r1607
2762,,f2_r39
2763,,f3_r1561
2764,,f4_r1057
2765,,f4_r497
2766,,f5_r478
2767,,f4_r1018
2768,,f5_r877
2769,,f2_r1475
2770,,f4_r95
2771,,f5_r1235
2772,,f5_r551
2773,,f2_r1646
2774,,f5_r1392
2775,,f5_r1463
2776,,f5_r1261
2777,,f3_r795
2778,,f2_r1371
2779,,f2_r1083
2780,,f4_r1236
2781,,f5_r60
2782,,f2_r38
2783,,f4_r1528
2784,,f4_r860
2785,,f4_r532
2786,,f2_r731
2787,,f3_r984
2788,,f5_r983
2789,,f5_r1441
2790,,f2_r994
2791,,f4_r1189
2792,,f3_r1612
2793,,f3_r204
2794,,f2_r1198
2795,,f3_r597
2796,,f5_r357
2797,,f4_r388
2798,,f2_r835
2799,,f3_r916
2800,,f4_r1524
2801,,f2_r645
2802,,f4_r362
2803,,f4_r733
2804,,f2_r1536
2805,,f4_r129
2806,,f5_r1424
2807,,f4_r1448
2808,,f2_r1364
2809,,f5_r1403
2810,,f2_r1673
2811,,f3_r1060
2812,,f2_r1209
2813,,f4_r1154
2814,,f4_r296
2815,,f2_r135
2816,,f2_r761
2817,,f2_r1183
2818,,f3_r443
2819,,f4_r1107
2820,,f5_r660
2821,,f2_r575
2822,,f2_r1302
2823,,f3_r954
2824,,f2_r217
2825,,f3_r325
2826,,f3_r731
2827,,f4_r1161
2828,,f4_r936
2829,,f3_r138
2830,,f3_r645
2831,,f5_r796
2832,,f5_r1253
2833,,f4_r533
2834,,f3_r104
2835,,f4_r1649
2836,,f3_r1580
2837,,f2_r931
2838,,f5_r1364
2839,,f3_r1148
2840,,f5_r25
2841,,f5_r455
2842,,f3_r1376
2843,,f5_r1293
2844,,f4_r980
2845,,f3_r952
2846,,f2_r1343
2847,,f5_r1508
2848,,f4_r101
2849,,f2_r443
2850,,f4_r406
2851,,f5_r1599
2852,,f5_r1203
2853,,f2_r415
2854,,f2_r1268
2855,,f2_r1496
2856,,f3_r1508
2857,,f5_r1448
2858,,f3_r981
2859,,f4_r838
2860,,f3_r1109
2861,,f4_r20
2862,,f3_r655
2863,,f2_r1094
2864,,f5_r863
2865,,f3_r424
2866,,f3_r33
2867,,f3_r1627
2868,,f4_r174
2869,,f5_r497
2870,,f4_r720
2871,,f5_r50
2872,,f3_r467
2873,,f5_r166
2874,,f4_r81
2875,,f4_r566
2876,,f3_r742
2877,,f3_r226
2878,,f4_r310
2879,,f4_r369
2880,,f4_r762
2881,,f2_r379
2882,,f5_r623
2883,,f2_r597
2884,,f5_r829
2885,,f2_r403
2886,,f2_r703
2887,,f4_r1056
2888,,f5_r1690
2889,,f3_r256
2890,,f3_r924
2891,,f2_r1400
2892,,f2_r1008
2893,,f5_r1385
2894,,f3_r19
2895,,f5_r1620
2896,,f5_r1612
2897,,f3_r466
2898,,f4_r1531
2899,,f5_r1012
2900,,f5_r731
2901,,f4_r944
2902,,f4_r706
2903,,f5_r1444
2904,,f2_r9
2905,,f3_r1527
2906,,f5_r227
2907,,f2_r1226
2908,,f3_r696
2909,,f2_r305
2910,,f3_r1355
2911,,f5_r1544
2912,,f4_r353
2913,,f4_r506
2914,,f3_r948
2915,,f3_r109
2916,,f2_r184
2917,,f2_r1608
2918,,f2_r550
2919,,f4_r1572
2920,,f2_r1652
2921,,f5_r971
2922,,f2_r1563
2923,,f4_r1327
2924,,f3_r333
2925,,f2_r1657
2926,,f3_r1402
2927,,f4_r117
2928,,f3_r31
2929,,f5_r1557
2930,,f3_r1386
2931,,f2_r668
2932,,f3_r65
2933,,f4_r187
2934,,f2_r166
2935,,f4_r976
2936,,f5_r1266
2937,,f5_r1153
2938,,f2_r129
2939,,f3_r228
2940,,f3_r1485
2941,,f5_r533
2942,,f2_r1106
2943,,f4_r917
2944,,f5_r932
2945,,f3_r1641
2946,,f4_r687
2947,,f4_r632
2948,,f2_r1398
2949,,f4_r21
2950,,f4_r660
2951,,f4_r1297
2952,,f2_r749
2953,,f2_r1077
2954,,f5_r230
2955,,f5_r1574
2956,,f3_r793
2957,,f5_r1236
2958,,f2_r723
2959,,f4_r1549
2960,,f5_r1361
2961,,f3_r592
2962,,f5_r1239
2963,,f2_r511
2964,,f2_r873
2965,,f3_r1243
2966,,f5_r728
2967,,f4_r865
2968,,f3_r440
2969,,f3_r452
2970,,f5_r258
2971,,f3_r1677
2972,,f2_r1244
2973,,f5_r997
